  0
SECTION
  2
HEADER
  9
$ACADVER
  1
AC1024
  9
$ACADMAINTVER
 70
     6
  9
$DWGCODEPAGE
  3
MAC-ROMAN
  9
$INSBASE
 10
0.0
 20
0.0
 30
0.0
  9
$EXTMIN
 10
1.000000000000000E+20
 20
1.000000000000000E+20
 30
1.000000000000000E+20
  9
$EXTMAX
 10
-1.000000000000000E+20
 20
-1.000000000000000E+20
 30
-1.000000000000000E+20
  9
$LIMMIN
 10
0.0
 20
0.0
  9
$LIMMAX
 10
420.0
 20
297.0
  9
$ORTHOMODE
 70
     0
  9
$REGENMODE
 70
     1
  9
$FILLMODE
 70
     1
  9
$QTEXTMODE
 70
     0
  9
$MIRRTEXT
 70
     1
  9
$LTSCALE
 40
1.0
  9
$ATTMODE
 70
     1
  9
$TEXTSIZE
 40
2.5
  9
$TRACEWID
 40
1.0
  9
$TEXTSTYLE
  7
Standard
  9
$CLAYER
  8
0
  9
$CELTYPE
  6
ByLayer
  9
$CECOLOR
 62
   256
  9
$CELTSCALE
 40
1.0
  9
$DISPSILH
 70
     0
  9
$DIMSCALE
 40
1.0
  9
$DIMASZ
 40
2.5
  9
$DIMEXO
 40
0.625
  9
$DIMDLI
 40
3.75
  9
$DIMRND
 40
0.0
  9
$DIMDLE
 40
0.0
  9
$DIMEXE
 40
1.25
  9
$DIMTP
 40
0.0
  9
$DIMTM
 40
0.0
  9
$DIMTXT
 40
2.5
  9
$DIMCEN
 40
2.5
  9
$DIMTSZ
 40
0.0
  9
$DIMTOL
 70
     0
  9
$DIMLIM
 70
     0
  9
$DIMTIH
 70
     0
  9
$DIMTOH
 70
     0
  9
$DIMSE1
 70
     0
  9
$DIMSE2
 70
     0
  9
$DIMTAD
 70
     1
  9
$DIMZIN
 70
     8
  9
$DIMBLK
  1

  9
$DIMASO
 70
     1
  9
$DIMSHO
 70
     1
  9
$DIMPOST
  1

  9
$DIMAPOST
  1

  9
$DIMALT
 70
     0
  9
$DIMALTD
 70
     3
  9
$DIMALTF
 40
0.03937007874016
  9
$DIMLFAC
 40
1.0
  9
$DIMTOFL
 70
     1
  9
$DIMTVP
 40
0.0
  9
$DIMTIX
 70
     0
  9
$DIMSOXD
 70
     0
  9
$DIMSAH
 70
     0
  9
$DIMBLK1
  1

  9
$DIMBLK2
  1

  9
$DIMSTYLE
  2
ISO-25
  9
$DIMCLRD
 70
     0
  9
$DIMCLRE
 70
     0
  9
$DIMCLRT
 70
     0
  9
$DIMTFAC
 40
1.0
  9
$DIMGAP
 40
0.625
  9
$DIMJUST
 70
     0
  9
$DIMSD1
 70
     0
  9
$DIMSD2
 70
     0
  9
$DIMTOLJ
 70
     0
  9
$DIMTZIN
 70
     8
  9
$DIMALTZ
 70
     0
  9
$DIMALTTZ
 70
     0
  9
$DIMUPT
 70
     0
  9
$DIMDEC
 70
     2
  9
$DIMTDEC
 70
     2
  9
$DIMALTU
 70
     2
  9
$DIMALTTD
 70
     3
  9
$DIMTXSTY
  7
Standard
  9
$DIMAUNIT
 70
     0
  9
$DIMADEC
 70
     0
  9
$DIMALTRND
 40
0.0
  9
$DIMAZIN
 70
     0
  9
$DIMDSEP
 70
    44
  9
$DIMATFIT
 70
     3
  9
$DIMFRAC
 70
     0
  9
$DIMLDRBLK
  1

  9
$DIMLUNIT
 70
     2
  9
$DIMLWD
 70
    -2
  9
$DIMLWE
 70
    -2
  9
$DIMTMOVE
 70
     0
  9
$DIMFXL
 40
1.0
  9
$DIMFXLON
 70
     0
  9
$DIMJOGANG
 40
0.7853981633974483
  9
$DIMTFILL
 70
     0
  9
$DIMTFILLCLR
 70
     0
  9
$DIMARCSYM
 70
     0
  9
$DIMLTYPE
  6

  9
$DIMLTEX1
  6

  9
$DIMLTEX2
  6

  9
$DIMTXTDIRECTION
 70
     0
  9
$LUNITS
 70
     2
  9
$LUPREC
 70
     4
  9
$SKETCHINC
 40
1.0
  9
$FILLETRAD
 40
0.0
  9
$AUNITS
 70
     0
  9
$AUPREC
 70
     0
  9
$MENU
  1
.
  9
$ELEVATION
 40
0.0
  9
$PELEVATION
 40
0.0
  9
$THICKNESS
 40
0.0
  9
$LIMCHECK
 70
     0
  9
$CHAMFERA
 40
0.0
  9
$CHAMFERB
 40
0.0
  9
$CHAMFERC
 40
0.0
  9
$CHAMFERD
 40
0.0
  9
$SKPOLY
 70
     0
  9
$TDCREATE
 40
2460629.879336598
  9
$TDUCREATE
 40
2460630.212669931
  9
$TDUPDATE
 40
2460629.879336644
  9
$TDUUPDATE
 40
2460630.212669977
  9
$TDINDWG
 40
0.0000000116
  9
$TDUSRTIMER
 40
0.0000000116
  9
$USRTIMER
 70
     1
  9
$ANGBASE
 50
0.0
  9
$ANGDIR
 70
     0
  9
$PDMODE
 70
     0
  9
$PDSIZE
 40
0.0
  9
$PLINEWID
 40
0.0
  9
$SPLFRAME
 70
     0
  9
$SPLINETYPE
 70
     6
  9
$SPLINESEGS
 70
     8
  9
$HANDSEED
  5
1D5
  9
$SURFTAB1
 70
     6
  9
$SURFTAB2
 70
     6
  9
$SURFTYPE
 70
     6
  9
$SURFU
 70
     6
  9
$SURFV
 70
     6
  9
$UCSBASE
  2

  9
$UCSNAME
  2

  9
$UCSORG
 10
0.0
 20
0.0
 30
0.0
  9
$UCSXDIR
 10
1.0
 20
0.0
 30
0.0
  9
$UCSYDIR
 10
0.0
 20
1.0
 30
0.0
  9
$UCSORTHOREF
  2

  9
$UCSORTHOVIEW
 70
     0
  9
$UCSORGTOP
 10
0.0
 20
0.0
 30
0.0
  9
$UCSORGBOTTOM
 10
0.0
 20
0.0
 30
0.0
  9
$UCSORGLEFT
 10
0.0
 20
0.0
 30
0.0
  9
$UCSORGRIGHT
 10
0.0
 20
0.0
 30
0.0
  9
$UCSORGFRONT
 10
0.0
 20
0.0
 30
0.0
  9
$UCSORGBACK
 10
0.0
 20
0.0
 30
0.0
  9
$PUCSBASE
  2

  9
$PUCSNAME
  2

  9
$PUCSORG
 10
0.0
 20
0.0
 30
0.0
  9
$PUCSXDIR
 10
1.0
 20
0.0
 30
0.0
  9
$PUCSYDIR
 10
0.0
 20
1.0
 30
0.0
  9
$PUCSORTHOREF
  2

  9
$PUCSORTHOVIEW
 70
     0
  9
$PUCSORGTOP
 10
0.0
 20
0.0
 30
0.0
  9
$PUCSORGBOTTOM
 10
0.0
 20
0.0
 30
0.0
  9
$PUCSORGLEFT
 10
0.0
 20
0.0
 30
0.0
  9
$PUCSORGRIGHT
 10
0.0
 20
0.0
 30
0.0
  9
$PUCSORGFRONT
 10
0.0
 20
0.0
 30
0.0
  9
$PUCSORGBACK
 10
0.0
 20
0.0
 30
0.0
  9
$USERI1
 70
     0
  9
$USERI2
 70
     0
  9
$USERI3
 70
     0
  9
$USERI4
 70
     0
  9
$USERI5
 70
     0
  9
$USERR1
 40
0.0
  9
$USERR2
 40
0.0
  9
$USERR3
 40
0.0
  9
$USERR4
 40
0.0
  9
$USERR5
 40
0.0
  9
$WORLDVIEW
 70
     1
  9
$SHADEDGE
 70
     3
  9
$SHADEDIF
 70
    70
  9
$TILEMODE
 70
     1
  9
$MAXACTVP
 70
    64
  9
$PINSBASE
 10
0.0
 20
0.0
 30
0.0
  9
$PLIMCHECK
 70
     0
  9
$PEXTMIN
 10
1.000000000000000E+20
 20
1.000000000000000E+20
 30
1.000000000000000E+20
  9
$PEXTMAX
 10
-1.000000000000000E+20
 20
-1.000000000000000E+20
 30
-1.000000000000000E+20
  9
$PLIMMIN
 10
0.0
 20
0.0
  9
$PLIMMAX
 10
420.0
 20
297.0
  9
$UNITMODE
 70
     0
  9
$VISRETAIN
 70
     1
  9
$PLINEGEN
 70
     0
  9
$PSLTSCALE
 70
     1
  9
$TREEDEPTH
 70
  3020
  9
$CMLSTYLE
  2
Standard
  9
$CMLJUST
 70
     0
  9
$CMLSCALE
 40
20.0
  9
$PROXYGRAPHICS
 70
     1
  9
$MEASUREMENT
 70
     1
  9
$CELWEIGHT
370
    -1
  9
$ENDCAPS
280
     0
  9
$JOINSTYLE
280
     0
  9
$LWDISPLAY
290
     0
  9
$INSUNITS
 70
     4
  9
$HYPERLINKBASE
  1

  9
$STYLESHEET
  1

  9
$XEDIT
290
     1
  9
$CEPSNTYPE
380
     0
  9
$PSTYLEMODE
290
     1
  9
$FINGERPRINTGUID
  2
{98777f59-3c91-b346-9ef6-d6025e56ca74}
  9
$VERSIONGUID
  2
{FAEB1C32-E019-11D5-929B-00C0DF256EC4}
  9
$EXTNAMES
290
     1
  9
$PSVPSCALE
 40
0.0
  9
$OLESTARTUP
290
     0
  9
$SORTENTS
280
   127
  9
$INDEXCTL
280
     0
  9
$HIDETEXT
280
     1
  9
$XCLIPFRAME
280
     2
  9
$HALOGAP
280
     0
  9
$OBSCOLOR
 70
   257
  9
$OBSLTYPE
280
     0
  9
$INTERSECTIONDISPLAY
280
     0
  9
$INTERSECTIONCOLOR
 70
   257
  9
$DIMASSOC
280
     2
  9
$PROJECTNAME
  1

  9
$CAMERADISPLAY
290
     0
  9
$LENSLENGTH
 40
50.0
  9
$CAMERAHEIGHT
 40
0.0
  9
$STEPSPERSEC
 40
2.0
  9
$STEPSIZE
 40
6.0
  9
$3DDWFPREC
 40
2.0
  9
$PSOLWIDTH
 40
5.0
  9
$PSOLHEIGHT
 40
80.0
  9
$LOFTANG1
 40
1.570796326794897
  9
$LOFTANG2
 40
1.570796326794897
  9
$LOFTMAG1
 40
0.0
  9
$LOFTMAG2
 40
0.0
  9
$LOFTPARAM
 70
     7
  9
$LOFTNORMALS
280
     1
  9
$LATITUDE
 40
37.795
  9
$LONGITUDE
 40
-122.394
  9
$NORTHDIRECTION
 40
0.0
  9
$TIMEZONE
 70
 -8000
  9
$LIGHTGLYPHDISPLAY
280
     1
  9
$TILEMODELIGHTSYNCH
280
     1
  9
$CMATERIAL
347
44
  9
$SOLIDHIST
280
     0
  9
$SHOWHIST
280
     1
  9
$DWFFRAME
280
     2
  9
$DGNFRAME
280
     2
  9
$REALWORLDSCALE
290
     1
  9
$INTERFERECOLOR
 62
   256
  9
$CSHADOW
280
     0
  9
$SHADOWPLANELOCATION
 40
0.0
  0
ENDSEC
  0
SECTION
  2
CLASSES
  0
CLASS
  1
ACDBDICTIONARYWDFLT
  2
AcDbDictionaryWithDefault
  3
ObjectDBX Classes
 90
        0
 91
        3
280
     0
281
     0
  0
CLASS
  1
VISUALSTYLE
  2
AcDbVisualStyle
  3
ObjectDBX Classes
 90
     4095
 91
        3
280
     0
281
     0
  0
CLASS
  1
MATERIAL
  2
AcDbMaterial
  3
ObjectDBX Classes
 90
     1153
 91
        3
280
     0
281
     0
  0
CLASS
  1
SCALE
  2
AcDbScale
  3
ObjectDBX Classes
 90
     1153
 91
        3
280
     0
281
     0
  0
CLASS
  1
TABLESTYLE
  2
AcDbTableStyle
  3
ObjectDBX Classes
 90
     4095
 91
        3
280
     0
281
     0
  0
CLASS
  1
MLEADERSTYLE
  2
AcDbMLeaderStyle
  3
ACDB_MLEADERSTYLE_CLASS
 90
     4095
 91
        3
280
     0
281
     0
  0
CLASS
  1
SUN
  2
AcDbSun
  3
SCENEOE
 90
     1153
 91
        3
280
     0
281
     0
  0
CLASS
  1
DICTIONARYVAR
  2
AcDbDictionaryVar
  3
ObjectDBX Classes
 90
        0
 91
        3
280
     0
281
     0
  0
CLASS
  1
CELLSTYLEMAP
  2
AcDbCellStyleMap
  3
ObjectDBX Classes
 90
     1152
 91
        3
280
     0
281
     0
  0
ENDSEC
  0
SECTION
  2
TABLES
  0
TABLE
  2
VPORT
  5
8
330
0
100
AcDbSymbolTable
 70
     1
  0
VPORT
  5
29
330
8
100
AcDbSymbolTableRecord
100
AcDbViewportTableRecord
  2
*Active
 70
     0
 10
0.0
 20
0.0
 11
1.0
 21
1.0
 12
344.1869158878504
 22
148.5
 13
0.0
 23
0.0
 14
10.0
 24
10.0
 15
10.0
 25
10.0
 16
0.0
 26
0.0
 36
1.0
 17
0.0
 27
0.0
 37
0.0
 40
297.0
 41
1.972972972850329
 42
50.0
 43
0.0
 44
0.0
 50
0.0
 51
0.0
 71
     0
 72
   100
 73
     1
 74
     3
 75
     0
 76
     0
 77
     0
 78
     0
281
     0
 65
     1
110
0.0
120
0.0
130
0.0
111
1.0
121
0.0
131
0.0
112
0.0
122
1.0
132
0.0
 79
     0
146
0.0
348
2F
 60
     3
 61
     5
292
     1
282
     1
141
0.0
142
0.0
 63
   250
361
5D
  0
ENDTAB
  0
TABLE
  2
LTYPE
  5
5
330
0
100
AcDbSymbolTable
 70
     1
  0
LTYPE
  5
14
330
5
100
AcDbSymbolTableRecord
100
AcDbLinetypeTableRecord
  2
ByBlock
 70
     0
  3

 72
    65
 73
     0
 40
0.0
  0
LTYPE
  5
15
330
5
100
AcDbSymbolTableRecord
100
AcDbLinetypeTableRecord
  2
ByLayer
 70
     0
  3

 72
    65
 73
     0
 40
0.0
  0
LTYPE
  5
16
330
5
100
AcDbSymbolTableRecord
100
AcDbLinetypeTableRecord
  2
Continuous
 70
     0
  3
Solid line
 72
    65
 73
     0
 40
0.0
  0
ENDTAB
  0
TABLE
  2
LAYER
  5
2
330
0
100
AcDbSymbolTable
 70
     2
  0
LAYER
  5
10
330
2
100
AcDbSymbolTableRecord
100
AcDbLayerTableRecord
  2
0
 70
     0
 62
     7
  6
Continuous
370
    -3
390
F
347
46
  0
LAYER
  5
5E
330
2
100
AcDbSymbolTableRecord
100
AcDbLayerTableRecord
  2
Sketch 08
 70
     0
 62
     7
  6
Continuous
370
    -3
390
F
347
46
  0
ENDTAB
  0
TABLE
  2
STYLE
  5
3
330
0
100
AcDbSymbolTable
 70
     1
  0
STYLE
  5
11
330
3
100
AcDbSymbolTableRecord
100
AcDbTextStyleTableRecord
  2
Standard
 70
     0
 40
0.0
 41
1.0
 50
0.0
 71
     0
 42
2.5
  3
txt
  4

  0
ENDTAB
  0
TABLE
  2
VIEW
  5
6
330
0
100
AcDbSymbolTable
 70
     0
  0
ENDTAB
  0
TABLE
  2
UCS
  5
7
330
0
100
AcDbSymbolTable
 70
     0
  0
ENDTAB
  0
TABLE
  2
APPID
  5
9
330
0
100
AcDbSymbolTable
 70
     1
  0
APPID
  5
12
330
9
100
AcDbSymbolTableRecord
100
AcDbRegAppTableRecord
  2
ACAD
 70
     0
  0
ENDTAB
  0
TABLE
  2
DIMSTYLE
  5
A
330
0
100
AcDbSymbolTable
 70
     1
100
AcDbDimStyleTable
  0
DIMSTYLE
105
27
330
A
100
AcDbSymbolTableRecord
100
AcDbDimStyleTableRecord
  2
ISO-25
 70
     0
 41
2.5
 42
0.625
 43
3.75
 44
1.25
 73
     0
 74
     0
 77
     1
 78
     8
140
2.5
141
2.5
143
0.03937007874016
147
0.625
171
     3
172
     1
178
     0
271
     2
272
     2
274
     3
278
    44
283
     0
284
     8
340
11
  0
ENDTAB
  0
TABLE
  2
BLOCK_RECORD
  5
1
330
0
100
AcDbSymbolTable
 70
     1
  0
BLOCK_RECORD
  5
1F
330
1
100
AcDbSymbolTableRecord
100
AcDbBlockTableRecord
  2
*Model_Space
340
22
 70
     0
280
     1
281
     0
  0
BLOCK_RECORD
  5
1B
330
1
100
AcDbSymbolTableRecord
100
AcDbBlockTableRecord
  2
*Paper_Space
340
1E
 70
     0
280
     1
281
     0
  0
BLOCK_RECORD
  5
23
330
1
100
AcDbSymbolTableRecord
100
AcDbBlockTableRecord
  2
*Paper_Space0
340
26
 70
     0
280
     1
281
     0
  0
ENDTAB
  0
ENDSEC
  0
SECTION
  2
BLOCKS
  0
BLOCK
  5
20
330
1F
100
AcDbEntity
  8
0
100
AcDbBlockBegin
  2
*Model_Space
 70
     0
 10
0.0
 20
0.0
 30
0.0
  3
*Model_Space
  1

  0
ENDBLK
  5
21
330
1F
100
AcDbEntity
  8
0
100
AcDbBlockEnd
  0
BLOCK
  5
1C
330
1B
100
AcDbEntity
 67
     1
  8
0
100
AcDbBlockBegin
  2
*Paper_Space
 70
     0
 10
0.0
 20
0.0
 30
0.0
  3
*Paper_Space
  1

  0
ENDBLK
  5
1D
330
1B
100
AcDbEntity
 67
     1
  8
0
100
AcDbBlockEnd
  0
BLOCK
  5
24
330
23
100
AcDbEntity
  8
0
100
AcDbBlockBegin
  2
*Paper_Space0
 70
     0
 10
0.0
 20
0.0
 30
0.0
  3
*Paper_Space0
  1

  0
ENDBLK
  5
25
330
23
100
AcDbEntity
  8
0
100
AcDbBlockEnd
  0
ENDSEC
  0
SECTION
  2
ENTITIES
  0
LINE
  5
5F
330
1F
100
AcDbEntity
  8
Sketch 08
100
AcDbLine
 10
317.4999999999979
 20
-86.54499999999999
 30
28.25
 11
317.4999999999979
 21
-84.52999999999999
 31
28.25000000000001
210
1.0
220
6.062644881861810E-16
230
0.0
  0
LINE
  5
60
330
1F
100
AcDbEntity
  8
Sketch 08
100
AcDbLine
 10
317.4999999999979
 20
-84.52999999999999
 30
28.25000000000001
 11
317.4999999999979
 21
-84.52999999999999
 31
26.75000000000001
210
1.0
220
6.062644881861810E-16
230
0.0
  0
LINE
  5
61
330
1F
100
AcDbEntity
  8
Sketch 08
100
AcDbLine
 10
317.4999999999979
 20
-84.52999999999999
 30
26.75000000000001
 11
317.4999999999979
 21
-86.54499999999999
 31
26.75
210
1.0
220
6.062644881861810E-16
230
0.0
  0
LINE
  5
62
330
1F
100
AcDbEntity
  8
Sketch 08
100
AcDbLine
 10
317.4999999999979
 20
-86.54499999999999
 30
26.75
 11
317.4999999999979
 21
-86.54499999999999
 31
28.25
210
1.0
220
6.062644881861810E-16
230
0.0
  0
LINE
  5
63
330
1F
100
AcDbEntity
  8
Sketch 08
100
AcDbLine
 10
317.4999999999979
 20
-91.62499999999996
 30
26.00000000000001
 11
317.4999999999979
 21
-84.52999999999999
 31
26.00000000000001
210
1.0
220
6.062644881861810E-16
230
0.0
  0
LINE
  5
64
330
1F
100
AcDbEntity
  8
Sketch 08
100
AcDbLine
 10
317.4999999999979
 20
-84.52999999999999
 30
26.00000000000001
 11
317.4999999999979
 21
-84.52999999999999
 31
19.0
210
1.0
220
6.062644881861810E-16
230
0.0
  0
LINE
  5
65
330
1F
100
AcDbEntity
  8
Sketch 08
100
AcDbLine
 10
317.4999999999979
 20
-84.52999999999999
 30
19.0
 11
317.4999999999979
 21
-91.62499999999996
 31
19.00000000000001
210
1.0
220
6.062644881861810E-16
230
0.0
  0
LINE
  5
66
330
1F
100
AcDbEntity
  8
Sketch 08
100
AcDbLine
 10
317.4999999999979
 20
-93.62499999999996
 30
21.00000000000001
 11
317.4999999999979
 21
-93.62499999999996
 31
24.00000000000001
210
1.0
220
6.062644881861810E-16
230
0.0
  0
LINE
  5
67
330
1F
100
AcDbEntity
  8
Sketch 08
100
AcDbLine
 10
317.4999999999979
 20
-86.54499999999999
 30
18.25
 11
317.4999999999979
 21
-84.52999999999999
 31
18.25
210
1.0
220
6.062644881861810E-16
230
0.0
  0
LINE
  5
68
330
1F
100
AcDbEntity
  8
Sketch 08
100
AcDbLine
 10
317.4999999999979
 20
-84.52999999999999
 30
18.25
 11
317.4999999999979
 21
-84.52999999999999
 31
16.75
210
1.0
220
6.062644881861810E-16
230
0.0
  0
LINE
  5
69
330
1F
100
AcDbEntity
  8
Sketch 08
100
AcDbLine
 10
317.4999999999979
 20
-84.52999999999999
 30
16.75
 11
317.4999999999979
 21
-86.54499999999999
 31
16.75
210
1.0
220
6.062644881861810E-16
230
0.0
  0
LINE
  5
6A
330
1F
100
AcDbEntity
  8
Sketch 08
100
AcDbLine
 10
317.4999999999979
 20
-86.54499999999999
 30
16.75
 11
317.4999999999979
 21
-86.54499999999999
 31
18.25
210
1.0
220
6.062644881861810E-16
230
0.0
  0
LINE
  5
6B
330
1F
100
AcDbEntity
  8
Sketch 08
100
AcDbLine
 10
317.4999999999979
 20
-127.515
 30
16.75
 11
317.4999999999979
 21
-129.53
 31
16.75
210
1.0
220
6.062644881861810E-16
230
0.0
  0
LINE
  5
6C
330
1F
100
AcDbEntity
  8
Sketch 08
100
AcDbLine
 10
317.4999999999979
 20
-129.53
 30
16.75
 11
317.4999999999979
 21
-129.53
 31
18.25
210
1.0
220
6.062644881861810E-16
230
0.0
  0
LINE
  5
6D
330
1F
100
AcDbEntity
  8
Sketch 08
100
AcDbLine
 10
317.4999999999979
 20
-129.53
 30
18.25
 11
317.4999999999979
 21
-127.515
 31
18.25
210
1.0
220
6.062644881861810E-16
230
0.0
  0
LINE
  5
6E
330
1F
100
AcDbEntity
  8
Sketch 08
100
AcDbLine
 10
317.4999999999979
 20
-127.515
 30
18.25
 11
317.4999999999979
 21
-127.515
 31
16.75
210
1.0
220
6.062644881861810E-16
230
0.0
  0
LINE
  5
6F
330
1F
100
AcDbEntity
  8
Sketch 08
100
AcDbLine
 10
317.4999999999979
 20
-122.4350000000001
 30
18.99999999999999
 11
317.4999999999979
 21
-129.53
 31
19.0
210
1.0
220
6.062644881861810E-16
230
0.0
  0
LINE
  5
70
330
1F
100
AcDbEntity
  8
Sketch 08
100
AcDbLine
 10
317.4999999999979
 20
-129.53
 30
19.0
 11
317.4999999999979
 21
-129.53
 31
26.00000000000001
210
1.0
220
6.062644881861810E-16
230
0.0
  0
LINE
  5
71
330
1F
100
AcDbEntity
  8
Sketch 08
100
AcDbLine
 10
317.4999999999979
 20
-129.53
 30
26.00000000000001
 11
317.4999999999979
 21
-122.4350000000001
 31
26.0
210
1.0
220
6.062644881861810E-16
230
0.0
  0
LINE
  5
72
330
1F
100
AcDbEntity
  8
Sketch 08
100
AcDbLine
 10
317.4999999999979
 20
-120.4350000000001
 30
23.99999999999999
 11
317.4999999999979
 21
-120.4350000000001
 31
20.99999999999999
210
1.0
220
6.062644881861810E-16
230
0.0
  0
LINE
  5
73
330
1F
100
AcDbEntity
  8
Sketch 08
100
AcDbLine
 10
317.4999999999979
 20
-127.515
 30
26.75000000000001
 11
317.4999999999979
 21
-129.53
 31
26.75
210
1.0
220
6.062644881861810E-16
230
0.0
  0
LINE
  5
74
330
1F
100
AcDbEntity
  8
Sketch 08
100
AcDbLine
 10
317.4999999999979
 20
-129.53
 30
26.75
 11
317.4999999999979
 21
-129.53
 31
28.25
210
1.0
220
6.062644881861810E-16
230
0.0
  0
LINE
  5
75
330
1F
100
AcDbEntity
  8
Sketch 08
100
AcDbLine
 10
317.4999999999979
 20
-129.53
 30
28.25
 11
317.4999999999979
 21
-127.515
 31
28.25000000000001
210
1.0
220
6.062644881861810E-16
230
0.0
  0
LINE
  5
76
330
1F
100
AcDbEntity
  8
Sketch 08
100
AcDbLine
 10
317.4999999999979
 20
-127.515
 30
28.25000000000001
 11
317.4999999999979
 21
-127.515
 31
26.75000000000001
210
1.0
220
6.062644881861810E-16
230
0.0
  0
LINE
  5
77
330
1F
100
AcDbEntity
  8
Sketch 08
100
AcDbLine
 10
317.499999999998
 20
-241.5000000000001
 30
-24.49999999999998
 11
317.499999999998
 21
-241.5000000000001
 31
-31.49999999999999
210
1.0
220
6.062644881861810E-16
230
0.0
  0
LINE
  5
78
330
1F
100
AcDbEntity
  8
Sketch 08
100
AcDbLine
 10
317.499999999998
 20
-241.5000000000001
 30
-31.49999999999999
 11
317.499999999998
 21
-248.61
 31
-31.49999999999999
210
1.0
220
6.062644881861810E-16
230
0.0
  0
LINE
  5
79
330
1F
100
AcDbEntity
  8
Sketch 08
100
AcDbLine
 10
317.499999999998
 20
-250.61
 30
-29.49999999999998
 11
317.499999999998
 21
-250.61
 31
-26.49999999999998
210
1.0
220
6.062644881861810E-16
230
0.0
  0
LINE
  5
7A
330
1F
100
AcDbEntity
  8
Sketch 08
100
AcDbLine
 10
317.499999999998
 20
-248.61
 30
-24.49999999999997
 11
317.499999999998
 21
-241.5000000000001
 31
-24.49999999999998
210
1.0
220
6.062644881861810E-16
230
0.0
  0
LINE
  5
7B
330
1F
100
AcDbEntity
  8
Sketch 08
100
AcDbLine
 10
317.499999999998
 20
-241.5000000000001
 30
-22.24999999999998
 11
317.499999999998
 21
-241.5000000000001
 31
-23.74999999999998
210
1.0
220
6.062644881861810E-16
230
0.0
  0
LINE
  5
7C
330
1F
100
AcDbEntity
  8
Sketch 08
100
AcDbLine
 10
317.499999999998
 20
-241.5000000000001
 30
-23.74999999999998
 11
317.499999999998
 21
-243.53
 31
-23.74999999999999
210
1.0
220
6.062644881861810E-16
230
0.0
  0
LINE
  5
7D
330
1F
100
AcDbEntity
  8
Sketch 08
100
AcDbLine
 10
317.499999999998
 20
-243.53
 30
-23.74999999999999
 11
317.499999999998
 21
-243.53
 31
-22.24999999999999
210
1.0
220
6.062644881861810E-16
230
0.0
  0
LINE
  5
7E
330
1F
100
AcDbEntity
  8
Sketch 08
100
AcDbLine
 10
317.499999999998
 20
-243.53
 30
-22.24999999999999
 11
317.499999999998
 21
-241.5000000000001
 31
-22.24999999999998
210
1.0
220
6.062644881861810E-16
230
0.0
  0
LINE
  5
7F
330
1F
100
AcDbEntity
  8
Sketch 08
100
AcDbLine
 10
317.499999999998
 20
-241.5
 30
-14.99999999999999
 11
317.499999999998
 21
-241.5000000000001
 31
-21.49999999999998
210
1.0
220
6.062644881861810E-16
230
0.0
  0
LINE
  5
80
330
1F
100
AcDbEntity
  8
Sketch 08
100
AcDbLine
 10
317.499999999998
 20
-241.5000000000001
 30
-21.49999999999998
 11
317.499999999998
 21
-249.61
 31
-21.49999999999998
210
1.0
220
6.062644881861810E-16
230
0.0
  0
LINE
  5
81
330
1F
100
AcDbEntity
  8
Sketch 08
100
AcDbLine
 10
317.499999999998
 20
-253.61
 30
-25.49999999999998
 11
317.499999999998
 21
-253.61
 31
-30.49999999999998
210
1.0
220
6.062644881861810E-16
230
0.0
  0
LINE
  5
82
330
1F
100
AcDbEntity
  8
Sketch 08
100
AcDbLine
 10
317.499999999998
 20
-249.61
 30
-34.49999999999998
 11
317.499999999998
 21
-241.5000000000001
 31
-34.49999999999999
210
1.0
220
6.062644881861810E-16
230
0.0
  0
LINE
  5
83
330
1F
100
AcDbEntity
  8
Sketch 08
100
AcDbLine
 10
317.499999999998
 20
-241.5000000000001
 30
-34.49999999999999
 11
317.499999999998
 21
-241.5
 31
-40.99999999999999
210
1.0
220
6.062644881861810E-16
230
0.0
  0
LINE
  5
84
330
1F
100
AcDbEntity
  8
Sketch 08
100
AcDbLine
 10
317.499999999998
 20
-243.5
 30
-43.0
 11
317.499999999998
 21
-299.5
 31
-43.00000000000001
210
1.0
220
6.062644881861810E-16
230
0.0
  0
LINE
  5
85
330
1F
100
AcDbEntity
  8
Sketch 08
100
AcDbLine
 10
317.499999999998
 20
-301.5
 30
-41.00000000000001
 11
317.499999999998
 21
-301.5
 31
-34.50000000000001
210
1.0
220
6.062644881861810E-16
230
0.0
  0
LINE
  5
86
330
1F
100
AcDbEntity
  8
Sketch 08
100
AcDbLine
 10
317.499999999998
 20
-301.5
 30
-34.50000000000001
 11
317.499999999998
 21
-293.39
 31
-34.50000000000001
210
1.0
220
6.062644881861810E-16
230
0.0
  0
LINE
  5
87
330
1F
100
AcDbEntity
  8
Sketch 08
100
AcDbLine
 10
317.499999999998
 20
-289.39
 30
-30.50000000000002
 11
317.499999999998
 21
-289.39
 31
-25.50000000000001
210
1.0
220
6.062644881861810E-16
230
0.0
  0
LINE
  5
88
330
1F
100
AcDbEntity
  8
Sketch 08
100
AcDbLine
 10
317.499999999998
 20
-293.39
 30
-21.50000000000001
 11
317.499999999998
 21
-301.5
 31
-21.50000000000001
210
1.0
220
6.062644881861810E-16
230
0.0
  0
LINE
  5
89
330
1F
100
AcDbEntity
  8
Sketch 08
100
AcDbLine
 10
317.499999999998
 20
-301.5
 30
-21.50000000000001
 11
317.499999999998
 21
-301.5
 31
-15.0
210
1.0
220
6.062644881861810E-16
230
0.0
  0
LINE
  5
8A
330
1F
100
AcDbEntity
  8
Sketch 08
100
AcDbLine
 10
317.499999999998
 20
-299.5
 30
-13.0
 11
317.499999999998
 21
-243.5
 31
-12.99999999999999
210
1.0
220
6.062644881861810E-16
230
0.0
  0
LINE
  5
8B
330
1F
100
AcDbEntity
  8
Sketch 08
100
AcDbLine
 10
317.499999999998
 20
-246.625
 30
-23.74999999999998
 11
317.499999999998
 21
-248.655
 31
-23.74999999999998
210
1.0
220
6.062644881861810E-16
230
0.0
  0
LINE
  5
8C
330
1F
100
AcDbEntity
  8
Sketch 08
100
AcDbLine
 10
317.499999999998
 20
-248.655
 30
-23.74999999999998
 11
317.499999999998
 21
-248.655
 31
-22.24999999999998
210
1.0
220
6.062644881861810E-16
230
0.0
  0
LINE
  5
8D
330
1F
100
AcDbEntity
  8
Sketch 08
100
AcDbLine
 10
317.499999999998
 20
-248.655
 30
-22.24999999999998
 11
317.499999999998
 21
-246.625
 31
-22.24999999999998
210
1.0
220
6.062644881861810E-16
230
0.0
  0
LINE
  5
8E
330
1F
100
AcDbEntity
  8
Sketch 08
100
AcDbLine
 10
317.499999999998
 20
-246.625
 30
-22.24999999999998
 11
317.499999999998
 21
-246.625
 31
-23.74999999999998
210
1.0
220
6.062644881861810E-16
230
0.0
  0
LINE
  5
8F
330
1F
100
AcDbEntity
  8
Sketch 08
100
AcDbLine
 10
317.499999999998
 20
-246.625
 30
-33.74999999999999
 11
317.499999999998
 21
-248.655
 31
-33.74999999999999
210
1.0
220
6.062644881861810E-16
230
0.0
  0
LINE
  5
90
330
1F
100
AcDbEntity
  8
Sketch 08
100
AcDbLine
 10
317.499999999998
 20
-248.655
 30
-33.74999999999999
 11
317.499999999998
 21
-248.655
 31
-32.24999999999999
210
1.0
220
6.062644881861810E-16
230
0.0
  0
LINE
  5
91
330
1F
100
AcDbEntity
  8
Sketch 08
100
AcDbLine
 10
317.499999999998
 20
-248.655
 30
-32.24999999999999
 11
317.499999999998
 21
-246.625
 31
-32.24999999999999
210
1.0
220
6.062644881861810E-16
230
0.0
  0
LINE
  5
92
330
1F
100
AcDbEntity
  8
Sketch 08
100
AcDbLine
 10
317.499999999998
 20
-246.625
 30
-32.24999999999999
 11
317.499999999998
 21
-246.625
 31
-33.74999999999999
210
1.0
220
6.062644881861810E-16
230
0.0
  0
LINE
  5
93
330
1F
100
AcDbEntity
  8
Sketch 08
100
AcDbLine
 10
317.499999999998
 20
-243.53
 30
-33.74999999999999
 11
317.499999999998
 21
-243.53
 31
-32.24999999999999
210
1.0
220
6.062644881861810E-16
230
0.0
  0
LINE
  5
94
330
1F
100
AcDbEntity
  8
Sketch 08
100
AcDbLine
 10
317.499999999998
 20
-243.53
 30
-32.24999999999999
 11
317.499999999998
 21
-241.5000000000001
 31
-32.24999999999999
210
1.0
220
6.062644881861810E-16
230
0.0
  0
LINE
  5
95
330
1F
100
AcDbEntity
  8
Sketch 08
100
AcDbLine
 10
317.499999999998
 20
-241.5000000000001
 30
-32.24999999999999
 11
317.499999999998
 21
-241.5000000000001
 31
-33.74999999999999
210
1.0
220
6.062644881861810E-16
230
0.0
  0
LINE
  5
96
330
1F
100
AcDbEntity
  8
Sketch 08
100
AcDbLine
 10
317.499999999998
 20
-241.5000000000001
 30
-33.74999999999999
 11
317.499999999998
 21
-243.53
 31
-33.74999999999999
210
1.0
220
6.062644881861810E-16
230
0.0
  0
LINE
  5
97
330
1F
100
AcDbEntity
  8
Sketch 08
100
AcDbLine
 10
317.4999999999981
 20
-375.4699999999991
 30
-68.0
 11
317.4999999999981
 21
-375.4699999999991
 31
-54.0786860633211
210
1.0
220
6.062644881861810E-16
230
0.0
  0
LINE
  5
98
330
1F
100
AcDbEntity
  8
Sketch 08
100
AcDbLine
 10
317.4999999999981
 20
-375.4699999999991
 30
-54.0786860633211
 11
317.4999999999981
 21
-367.3899999999991
 31
-54.07868606332111
210
1.0
220
6.062644881861810E-16
230
0.0
  0
LINE
  5
99
330
1F
100
AcDbEntity
  8
Sketch 08
100
AcDbLine
 10
317.4999999999981
 20
-363.3899999999991
 30
-50.07868606332111
 11
317.4999999999981
 21
-363.3899999999991
 31
-45.07868606332111
210
1.0
220
6.062644881861810E-16
230
0.0
  0
LINE
  5
9A
330
1F
100
AcDbEntity
  8
Sketch 08
100
AcDbLine
 10
317.4999999999981
 20
-367.3899999999991
 30
-41.0786860633211
 11
317.4999999999981
 21
-375.4699999999991
 31
-41.0786860633211
210
1.0
220
6.062644881861810E-16
230
0.0
  0
LINE
  5
9B
330
1F
100
AcDbEntity
  8
Sketch 08
100
AcDbLine
 10
317.4999999999981
 20
-375.4699999999991
 30
-41.0786860633211
 11
317.4999999999981
 21
-375.4699999999991
 31
-27.00000000000001
210
1.0
220
6.062644881861810E-16
230
0.0
  0
LINE
  5
9C
330
1F
100
AcDbEntity
  8
Sketch 08
100
AcDbLine
 10
317.4999999999981
 20
-373.4699999999991
 30
-25.00000000000001
 11
317.4999999999981
 21
-332.4699999999992
 31
-25.00000000000001
210
1.0
220
6.062644881861810E-16
230
0.0
  0
LINE
  5
9D
330
1F
100
AcDbEntity
  8
Sketch 08
100
AcDbLine
 10
317.4999999999981
 20
-330.4699999999992
 30
-27.00000000000001
 11
317.4999999999981
 21
-330.4699999999992
 31
-41.07868606332109
210
1.0
220
6.062644881861810E-16
230
0.0
  0
LINE
  5
9E
330
1F
100
AcDbEntity
  8
Sketch 08
100
AcDbLine
 10
317.4999999999981
 20
-330.4699999999992
 30
-41.07868606332109
 11
317.4999999999981
 21
-338.5799999999991
 31
-41.07868606332109
210
1.0
220
6.062644881861810E-16
230
0.0
  0
LINE
  5
9F
330
1F
100
AcDbEntity
  8
Sketch 08
100
AcDbLine
 10
317.4999999999981
 20
-342.5799999999991
 30
-45.07868606332109
 11
317.4999999999981
 21
-342.5799999999991
 31
-50.07868606332109
210
1.0
220
6.062644881861810E-16
230
0.0
  0
LINE
  5
A0
330
1F
100
AcDbEntity
  8
Sketch 08
100
AcDbLine
 10
317.4999999999981
 20
-338.5799999999991
 30
-54.07868606332109
 11
317.4999999999981
 21
-330.4699999999992
 31
-54.0786860633211
210
1.0
220
6.062644881861810E-16
230
0.0
  0
LINE
  5
A1
330
1F
100
AcDbEntity
  8
Sketch 08
100
AcDbLine
 10
317.4999999999981
 20
-330.4699999999992
 30
-54.0786860633211
 11
317.4999999999981
 21
-330.4699999999992
 31
-68.0
210
1.0
220
6.062644881861810E-16
230
0.0
  0
LINE
  5
A2
330
1F
100
AcDbEntity
  8
Sketch 08
100
AcDbLine
 10
317.4999999999981
 20
-332.4699999999992
 30
-70.0
 11
317.4999999999981
 21
-373.4699999999991
 31
-70.0
210
1.0
220
6.062644881861810E-16
230
0.0
  0
LINE
  5
A3
330
1F
100
AcDbEntity
  8
Sketch 08
100
AcDbLine
 10
317.4999999999981
 20
-375.4699999999991
 30
-53.3286860633211
 11
317.4999999999981
 21
-375.4699999999991
 31
-51.8286860633211
210
1.0
220
6.062644881861810E-16
230
0.0
  0
LINE
  5
A4
330
1F
100
AcDbEntity
  8
Sketch 08
100
AcDbLine
 10
317.4999999999981
 20
-375.4699999999991
 30
-51.8286860633211
 11
317.4999999999981
 21
-373.4699999999991
 31
-51.8286860633211
210
1.0
220
6.062644881861810E-16
230
0.0
  0
LINE
  5
A5
330
1F
100
AcDbEntity
  8
Sketch 08
100
AcDbLine
 10
317.4999999999981
 20
-373.4699999999991
 30
-51.8286860633211
 11
317.4999999999981
 21
-373.4699999999991
 31
-53.3286860633211
210
1.0
220
6.062644881861810E-16
230
0.0
  0
LINE
  5
A6
330
1F
100
AcDbEntity
  8
Sketch 08
100
AcDbLine
 10
317.4999999999981
 20
-373.4699999999991
 30
-53.3286860633211
 11
317.4999999999981
 21
-375.4699999999991
 31
-53.3286860633211
210
1.0
220
6.062644881861810E-16
230
0.0
  0
LINE
  5
A7
330
1F
100
AcDbEntity
  8
Sketch 08
100
AcDbLine
 10
317.4999999999981
 20
-375.4699999999991
 30
-51.07868606332109
 11
317.4999999999981
 21
-375.4699999999991
 31
-44.07868606332109
210
1.0
220
6.062644881861810E-16
230
0.0
  0
LINE
  5
A8
330
1F
100
AcDbEntity
  8
Sketch 08
100
AcDbLine
 10
317.4999999999981
 20
-375.4699999999991
 30
-44.07868606332109
 11
317.4999999999981
 21
-368.3899999999991
 31
-44.07868606332111
210
1.0
220
6.062644881861810E-16
230
0.0
  0
LINE
  5
A9
330
1F
100
AcDbEntity
  8
Sketch 08
100
AcDbLine
 10
317.4999999999981
 20
-366.3899999999991
 30
-46.07868606332111
 11
317.4999999999981
 21
-366.3899999999991
 31
-49.07868606332111
210
1.0
220
6.062644881861810E-16
230
0.0
  0
LINE
  5
AA
330
1F
100
AcDbEntity
  8
Sketch 08
100
AcDbLine
 10
317.4999999999981
 20
-368.3899999999991
 30
-51.07868606332111
 11
317.4999999999981
 21
-375.4699999999991
 31
-51.07868606332109
210
1.0
220
6.062644881861810E-16
230
0.0
  0
LINE
  5
AB
330
1F
100
AcDbEntity
  8
Sketch 08
100
AcDbLine
 10
317.4999999999981
 20
-370.3749999999991
 30
-51.82868606332111
 11
317.4999999999981
 21
-368.3449999999991
 31
-51.8286860633211
210
1.0
220
6.062644881861810E-16
230
0.0
  0
LINE
  5
AC
330
1F
100
AcDbEntity
  8
Sketch 08
100
AcDbLine
 10
317.4999999999981
 20
-368.3449999999991
 30
-51.8286860633211
 11
317.4999999999981
 21
-368.3449999999991
 31
-53.3286860633211
210
1.0
220
6.062644881861810E-16
230
0.0
  0
LINE
  5
AD
330
1F
100
AcDbEntity
  8
Sketch 08
100
AcDbLine
 10
317.4999999999981
 20
-368.3449999999991
 30
-53.3286860633211
 11
317.4999999999981
 21
-370.3749999999991
 31
-53.32868606332111
210
1.0
220
6.062644881861810E-16
230
0.0
  0
LINE
  5
AE
330
1F
100
AcDbEntity
  8
Sketch 08
100
AcDbLine
 10
317.4999999999981
 20
-370.3749999999991
 30
-53.32868606332111
 11
317.4999999999981
 21
-370.3749999999991
 31
-51.82868606332111
210
1.0
220
6.062644881861810E-16
230
0.0
  0
LINE
  5
AF
330
1F
100
AcDbEntity
  8
Sketch 08
100
AcDbLine
 10
317.4999999999981
 20
-370.3749999999991
 30
-41.8286860633211
 11
317.4999999999981
 21
-368.3449999999991
 31
-41.82868606332109
210
1.0
220
6.062644881861810E-16
230
0.0
  0
LINE
  5
B0
330
1F
100
AcDbEntity
  8
Sketch 08
100
AcDbLine
 10
317.4999999999981
 20
-368.3449999999991
 30
-41.82868606332109
 11
317.4999999999981
 21
-368.3449999999991
 31
-43.32868606332109
210
1.0
220
6.062644881861810E-16
230
0.0
  0
LINE
  5
B1
330
1F
100
AcDbEntity
  8
Sketch 08
100
AcDbLine
 10
317.4999999999981
 20
-368.3449999999991
 30
-43.32868606332109
 11
317.4999999999981
 21
-370.3749999999991
 31
-43.3286860633211
210
1.0
220
6.062644881861810E-16
230
0.0
  0
LINE
  5
B2
330
1F
100
AcDbEntity
  8
Sketch 08
100
AcDbLine
 10
317.4999999999981
 20
-370.3749999999991
 30
-43.3286860633211
 11
317.4999999999981
 21
-370.3749999999991
 31
-41.8286860633211
210
1.0
220
6.062644881861810E-16
230
0.0
  0
LINE
  5
B3
330
1F
100
AcDbEntity
  8
Sketch 08
100
AcDbLine
 10
317.4999999999981
 20
-373.4699999999991
 30
-43.32868606332109
 11
317.4999999999981
 21
-375.4699999999991
 31
-43.32868606332109
210
1.0
220
6.062644881861810E-16
230
0.0
  0
LINE
  5
B4
330
1F
100
AcDbEntity
  8
Sketch 08
100
AcDbLine
 10
317.4999999999981
 20
-375.4699999999991
 30
-43.32868606332109
 11
317.4999999999981
 21
-375.4699999999991
 31
-41.82868606332109
210
1.0
220
6.062644881861810E-16
230
0.0
  0
LINE
  5
B5
330
1F
100
AcDbEntity
  8
Sketch 08
100
AcDbLine
 10
317.4999999999981
 20
-375.4699999999991
 30
-41.82868606332109
 11
317.4999999999981
 21
-373.4699999999991
 31
-41.82868606332109
210
1.0
220
6.062644881861810E-16
230
0.0
  0
LINE
  5
B6
330
1F
100
AcDbEntity
  8
Sketch 08
100
AcDbLine
 10
317.4999999999981
 20
-373.4699999999991
 30
-41.82868606332109
 11
317.4999999999981
 21
-373.4699999999991
 31
-43.32868606332109
210
1.0
220
6.062644881861810E-16
230
0.0
  0
LINE
  5
B7
330
1F
100
AcDbEntity
  8
Sketch 08
100
AcDbLine
 10
317.4999999999981
 20
-330.4699999999992
 30
-51.8286860633211
 11
317.4999999999981
 21
-330.4699999999992
 31
-53.3286860633211
210
1.0
220
6.062644881861810E-16
230
0.0
  0
LINE
  5
B8
330
1F
100
AcDbEntity
  8
Sketch 08
100
AcDbLine
 10
317.4999999999981
 20
-330.4699999999992
 30
-53.3286860633211
 11
317.4999999999981
 21
-332.4999999999991
 31
-53.3286860633211
210
1.0
220
6.062644881861810E-16
230
0.0
  0
LINE
  5
B9
330
1F
100
AcDbEntity
  8
Sketch 08
100
AcDbLine
 10
317.4999999999981
 20
-332.4999999999991
 30
-53.3286860633211
 11
317.4999999999981
 21
-332.4999999999991
 31
-51.8286860633211
210
1.0
220
6.062644881861810E-16
230
0.0
  0
LINE
  5
BA
330
1F
100
AcDbEntity
  8
Sketch 08
100
AcDbLine
 10
317.4999999999981
 20
-332.4999999999991
 30
-51.8286860633211
 11
317.4999999999981
 21
-330.4699999999992
 31
-51.8286860633211
210
1.0
220
6.062644881861810E-16
230
0.0
  0
LINE
  5
BB
330
1F
100
AcDbEntity
  8
Sketch 08
100
AcDbLine
 10
317.4999999999981
 20
-330.4699999999992
 30
-41.82868606332109
 11
317.4999999999981
 21
-330.4699999999992
 31
-43.32868606332109
210
1.0
220
6.062644881861810E-16
230
0.0
  0
LINE
  5
BC
330
1F
100
AcDbEntity
  8
Sketch 08
100
AcDbLine
 10
317.4999999999981
 20
-330.4699999999992
 30
-43.32868606332109
 11
317.4999999999981
 21
-332.4999999999991
 31
-43.32868606332109
210
1.0
220
6.062644881861810E-16
230
0.0
  0
LINE
  5
BD
330
1F
100
AcDbEntity
  8
Sketch 08
100
AcDbLine
 10
317.4999999999981
 20
-332.4999999999991
 30
-43.32868606332109
 11
317.4999999999981
 21
-332.4999999999991
 31
-41.82868606332109
210
1.0
220
6.062644881861810E-16
230
0.0
  0
LINE
  5
BE
330
1F
100
AcDbEntity
  8
Sketch 08
100
AcDbLine
 10
317.4999999999981
 20
-332.4999999999991
 30
-41.82868606332109
 11
317.4999999999981
 21
-330.4699999999992
 31
-41.82868606332109
210
1.0
220
6.062644881861810E-16
230
0.0
  0
LINE
  5
BF
330
1F
100
AcDbEntity
  8
Sketch 08
100
AcDbLine
 10
317.4999999999981
 20
-438.439999999999
 30
-14.00000000000001
 11
317.4999999999981
 21
-436.4099999999991
 31
-14.00000000000001
210
1.0
220
6.062644881861810E-16
230
0.0
  0
LINE
  5
C0
330
1F
100
AcDbEntity
  8
Sketch 08
100
AcDbLine
 10
317.4999999999981
 20
-436.4099999999991
 30
-14.00000000000001
 11
317.4999999999981
 21
-436.4099999999991
 31
-21.99999999999995
210
1.0
220
6.062644881861810E-16
230
0.0
  0
LINE
  5
C1
330
1F
100
AcDbEntity
  8
Sketch 08
100
AcDbLine
 10
317.4999999999981
 20
-436.4099999999991
 30
-21.99999999999995
 11
317.4999999999981
 21
-438.439999999999
 31
-21.99999999999996
210
1.0
220
6.062644881861810E-16
230
0.0
  0
LINE
  5
C2
330
1F
100
AcDbEntity
  8
Sketch 08
100
AcDbLine
 10
317.4999999999981
 20
-438.439999999999
 30
-21.99999999999996
 11
317.4999999999981
 21
-438.439999999999
 31
-14.00000000000001
210
1.0
220
6.062644881861810E-16
230
0.0
  0
LINE
  5
C3
330
1F
100
AcDbEntity
  8
Sketch 08
100
AcDbLine
 10
317.4999999999981
 20
-436.4099999999991
 30
-11.0
 11
317.4999999999981
 21
-438.439999999999
 31
-11.0
210
1.0
220
6.062644881861810E-16
230
0.0
  0
LINE
  5
C4
330
1F
100
AcDbEntity
  8
Sketch 08
100
AcDbLine
 10
317.4999999999981
 20
-438.439999999999
 30
-11.0
 11
317.4999999999981
 21
-438.439999999999
 31
-3.000000000000052
210
1.0
220
6.062644881861810E-16
230
0.0
  0
LINE
  5
C5
330
1F
100
AcDbEntity
  8
Sketch 08
100
AcDbLine
 10
317.4999999999981
 20
-438.439999999999
 30
-3.000000000000052
 11
317.4999999999981
 21
-436.4099999999991
 31
-3.000000000000058
210
1.0
220
6.062644881861810E-16
230
0.0
  0
LINE
  5
C6
330
1F
100
AcDbEntity
  8
Sketch 08
100
AcDbLine
 10
317.4999999999981
 20
-436.4099999999991
 30
-3.000000000000058
 11
317.4999999999981
 21
-436.4099999999991
 31
-11.0
210
1.0
220
6.062644881861810E-16
230
0.0
  0
LINE
  5
C7
330
1F
100
AcDbEntity
  8
Sketch 08
100
AcDbLine
 10
317.499999999998
 20
-317.4999999999992
 30
-63.75000000000001
 11
317.499999999998
 21
-315.4699999999992
 31
-63.75000000000001
210
1.0
220
6.062644881861810E-16
230
0.0
  0
LINE
  5
C8
330
1F
100
AcDbEntity
  8
Sketch 08
100
AcDbLine
 10
317.499999999998
 20
-315.4699999999992
 30
-63.75000000000001
 11
317.499999999998
 21
-315.4699999999992
 31
-79.99999999999801
210
1.0
220
6.062644881861810E-16
230
0.0
  0
LINE
  5
C9
330
1F
100
AcDbEntity
  8
Sketch 08
100
AcDbLine
 10
317.499999999998
 20
-315.4699999999992
 30
-79.99999999999801
 11
317.499999999998
 21
-317.4999999999991
 31
-79.99999999999996
210
1.0
220
6.062644881861810E-16
230
0.0
  0
LINE
  5
CA
330
1F
100
AcDbEntity
  8
Sketch 08
100
AcDbLine
 10
317.499999999998
 20
-317.4999999999991
 30
-79.99999999999996
 11
317.499999999998
 21
-317.4999999999992
 31
-63.75000000000001
210
1.0
220
6.062644881861810E-16
230
0.0
  0
LINE
  5
CB
330
1F
100
AcDbEntity
  8
Sketch 08
100
AcDbLine
 10
317.499999999998
 20
-317.4999999999992
 30
-45.0
 11
317.499999999998
 21
-315.4699999999992
 31
-44.99999999999994
210
1.0
220
6.062644881861810E-16
230
0.0
  0
LINE
  5
CC
330
1F
100
AcDbEntity
  8
Sketch 08
100
AcDbLine
 10
317.499999999998
 20
-315.4699999999992
 30
-44.99999999999994
 11
317.499999999998
 21
-315.4699999999992
 31
-58.75
210
1.0
220
6.062644881861810E-16
230
0.0
  0
LINE
  5
CD
330
1F
100
AcDbEntity
  8
Sketch 08
100
AcDbLine
 10
317.499999999998
 20
-315.4699999999992
 30
-58.75
 11
317.499999999998
 21
-317.4999999999992
 31
-58.75
210
1.0
220
6.062644881861810E-16
230
0.0
  0
LINE
  5
CE
330
1F
100
AcDbEntity
  8
Sketch 08
100
AcDbLine
 10
317.499999999998
 20
-317.4999999999992
 30
-58.75
 11
317.499999999998
 21
-317.4999999999992
 31
-45.0
210
1.0
220
6.062644881861810E-16
230
0.0
  0
LINE
  5
CF
330
1F
100
AcDbEntity
  8
Sketch 08
100
AcDbLine
 10
317.499999999998
 20
-315.4699999999992
 30
-21.25000000000001
 11
317.499999999998
 21
-317.4999999999992
 31
-21.25000000000001
210
1.0
220
6.062644881861810E-16
230
0.0
  0
LINE
  5
D0
330
1F
100
AcDbEntity
  8
Sketch 08
100
AcDbLine
 10
317.499999999998
 20
-317.4999999999992
 30
-21.25000000000001
 11
317.499999999998
 21
-317.4999999999991
 31
-5.000000000000039
210
1.0
220
6.062644881861810E-16
230
0.0
  0
LINE
  5
D1
330
1F
100
AcDbEntity
  8
Sketch 08
100
AcDbLine
 10
317.499999999998
 20
-317.4999999999991
 30
-5.000000000000039
 11
317.499999999998
 21
-315.4699999999992
 31
-5.000000000001975
210
1.0
220
6.062644881861810E-16
230
0.0
  0
LINE
  5
D2
330
1F
100
AcDbEntity
  8
Sketch 08
100
AcDbLine
 10
317.499999999998
 20
-315.4699999999992
 30
-5.000000000001975
 11
317.499999999998
 21
-315.4699999999992
 31
-21.25000000000001
210
1.0
220
6.062644881861810E-16
230
0.0
  0
LINE
  5
D3
330
1F
100
AcDbEntity
  8
Sketch 08
100
AcDbLine
 10
317.499999999998
 20
-315.4699999999992
 30
-40.00000000000006
 11
317.499999999998
 21
-317.4999999999992
 31
-40.00000000000001
210
1.0
220
6.062644881861810E-16
230
0.0
  0
LINE
  5
D4
330
1F
100
AcDbEntity
  8
Sketch 08
100
AcDbLine
 10
317.499999999998
 20
-317.4999999999992
 30
-40.00000000000001
 11
317.499999999998
 21
-317.4999999999992
 31
-26.25000000000001
210
1.0
220
6.062644881861810E-16
230
0.0
  0
LINE
  5
D5
330
1F
100
AcDbEntity
  8
Sketch 08
100
AcDbLine
 10
317.499999999998
 20
-317.4999999999992
 30
-26.25000000000001
 11
317.499999999998
 21
-315.4699999999992
 31
-26.25000000000001
210
1.0
220
6.062644881861810E-16
230
0.0
  0
LINE
  5
D6
330
1F
100
AcDbEntity
  8
Sketch 08
100
AcDbLine
 10
317.499999999998
 20
-315.4699999999992
 30
-26.25000000000001
 11
317.499999999998
 21
-315.4699999999992
 31
-40.00000000000006
210
1.0
220
6.062644881861810E-16
230
0.0
  0
LINE
  5
D7
330
1F
100
AcDbEntity
  8
Sketch 08
100
AcDbLine
 10
317.499999999998
 20
-194.5299999999999
 30
-14.00000000000001
 11
317.499999999998
 21
-192.5
 31
-14.00000000000001
210
1.0
220
6.062644881861810E-16
230
0.0
  0
LINE
  5
D8
330
1F
100
AcDbEntity
  8
Sketch 08
100
AcDbLine
 10
317.499999999998
 20
-192.5
 30
-14.00000000000001
 11
317.499999999998
 21
-192.5
 31
-21.99999999999995
210
1.0
220
6.062644881861810E-16
230
0.0
  0
LINE
  5
D9
330
1F
100
AcDbEntity
  8
Sketch 08
100
AcDbLine
 10
317.499999999998
 20
-192.5
 30
-21.99999999999995
 11
317.499999999998
 21
-194.5299999999999
 31
-21.99999999999996
210
1.0
220
6.062644881861810E-16
230
0.0
  0
LINE
  5
DA
330
1F
100
AcDbEntity
  8
Sketch 08
100
AcDbLine
 10
317.499999999998
 20
-194.5299999999999
 30
-21.99999999999996
 11
317.499999999998
 21
-194.5299999999999
 31
-14.00000000000001
210
1.0
220
6.062644881861810E-16
230
0.0
  0
LINE
  5
DB
330
1F
100
AcDbEntity
  8
Sketch 08
100
AcDbLine
 10
317.4999999999979
 20
-71.56000000000002
 30
-3.74999999999999
 11
317.4999999999979
 21
-69.53
 31
-3.74999999999999
210
1.0
220
6.062644881861810E-16
230
0.0
  0
LINE
  5
DC
330
1F
100
AcDbEntity
  8
Sketch 08
100
AcDbLine
 10
317.4999999999979
 20
-69.53
 30
-3.74999999999999
 11
317.4999999999979
 21
-69.52999999999997
 31
-19.99999999999802
210
1.0
220
6.062644881861810E-16
230
0.0
  0
LINE
  5
DD
330
1F
100
AcDbEntity
  8
Sketch 08
100
AcDbLine
 10
317.4999999999979
 20
-69.52999999999997
 30
-19.99999999999802
 11
317.4999999999979
 21
-71.55999999999997
 31
-19.99999999999996
210
1.0
220
6.062644881861810E-16
230
0.0
  0
LINE
  5
DE
330
1F
100
AcDbEntity
  8
Sketch 08
100
AcDbLine
 10
317.4999999999979
 20
-71.55999999999997
 30
-19.99999999999996
 11
317.4999999999979
 21
-71.56000000000002
 31
-3.749999999999989
210
1.0
220
6.062644881861810E-16
230
0.0
  0
LINE
  5
DF
330
1F
100
AcDbEntity
  8
Sketch 08
100
AcDbLine
 10
317.4999999999979
 20
-71.55999999999999
 30
15.00000000000001
 11
317.4999999999979
 21
-69.53
 31
15.00000000000006
210
1.0
220
6.062644881861810E-16
230
0.0
  0
LINE
  5
E0
330
1F
100
AcDbEntity
  8
Sketch 08
100
AcDbLine
 10
317.4999999999979
 20
-69.53
 30
15.00000000000006
 11
317.4999999999979
 21
-69.52999999999997
 31
1.250000000000009
210
1.0
220
6.062644881861810E-16
230
0.0
  0
LINE
  5
E1
330
1F
100
AcDbEntity
  8
Sketch 08
100
AcDbLine
 10
317.4999999999979
 20
-69.52999999999997
 30
1.250000000000008
 11
317.4999999999979
 21
-71.56000000000003
 31
1.250000000000008
210
1.0
220
6.062644881861810E-16
230
0.0
  0
LINE
  5
E2
330
1F
100
AcDbEntity
  8
Sketch 08
100
AcDbLine
 10
317.4999999999979
 20
-71.56000000000003
 30
1.250000000000008
 11
317.4999999999979
 21
-71.55999999999999
 31
15.00000000000001
210
1.0
220
6.062644881861810E-16
230
0.0
  0
LINE
  5
E3
330
1F
100
AcDbEntity
  8
Sketch 08
100
AcDbLine
 10
317.499999999998
 20
-192.5
 30
-11.0
 11
317.499999999998
 21
-194.5299999999999
 31
-11.0
210
1.0
220
6.062644881861810E-16
230
0.0
  0
LINE
  5
E4
330
1F
100
AcDbEntity
  8
Sketch 08
100
AcDbLine
 10
317.499999999998
 20
-194.5299999999999
 30
-11.0
 11
317.499999999998
 21
-194.5299999999999
 31
-3.000000000000052
210
1.0
220
6.062644881861810E-16
230
0.0
  0
LINE
  5
E5
330
1F
100
AcDbEntity
  8
Sketch 08
100
AcDbLine
 10
317.499999999998
 20
-194.5299999999999
 30
-3.000000000000052
 11
317.499999999998
 21
-192.5
 31
-3.000000000000058
210
1.0
220
6.062644881861810E-16
230
0.0
  0
LINE
  5
E6
330
1F
100
AcDbEntity
  8
Sketch 08
100
AcDbLine
 10
317.499999999998
 20
-192.5
 30
-3.000000000000058
 11
317.499999999998
 21
-192.5
 31
-11.0
210
1.0
220
6.062644881861810E-16
230
0.0
  0
LINE
  5
E7
330
1F
100
AcDbEntity
  8
Sketch 08
100
AcDbLine
 10
317.4999999999979
 20
-69.52999999999997
 30
38.74999999999999
 11
317.4999999999979
 21
-71.56000000000002
 31
38.74999999999999
210
1.0
220
6.062644881861810E-16
230
0.0
  0
LINE
  5
E8
330
1F
100
AcDbEntity
  8
Sketch 08
100
AcDbLine
 10
317.4999999999979
 20
-71.56000000000002
 30
38.74999999999999
 11
317.4999999999979
 21
-71.55999999999997
 31
54.99999999999996
210
1.0
220
6.062644881861810E-16
230
0.0
  0
LINE
  5
E9
330
1F
100
AcDbEntity
  8
Sketch 08
100
AcDbLine
 10
317.4999999999979
 20
-71.55999999999997
 30
54.99999999999996
 11
317.4999999999979
 21
-69.53
 31
54.99999999999803
210
1.0
220
6.062644881861810E-16
230
0.0
  0
LINE
  5
EA
330
1F
100
AcDbEntity
  8
Sketch 08
100
AcDbLine
 10
317.4999999999979
 20
-69.53
 30
54.99999999999803
 11
317.4999999999979
 21
-69.52999999999997
 31
38.74999999999999
210
1.0
220
6.062644881861810E-16
230
0.0
  0
LINE
  5
EB
330
1F
100
AcDbEntity
  8
Sketch 08
100
AcDbLine
 10
317.4999999999979
 20
-69.52999999999997
 30
19.99999999999994
 11
317.4999999999979
 21
-71.55999999999999
 31
19.99999999999999
210
1.0
220
6.062644881861810E-16
230
0.0
  0
LINE
  5
EC
330
1F
100
AcDbEntity
  8
Sketch 08
100
AcDbLine
 10
317.4999999999979
 20
-71.55999999999999
 30
19.99999999999999
 11
317.4999999999979
 21
-71.56000000000003
 31
33.74999999999999
210
1.0
220
6.062644881861810E-16
230
0.0
  0
LINE
  5
ED
330
1F
100
AcDbEntity
  8
Sketch 08
100
AcDbLine
 10
317.4999999999979
 20
-71.56000000000003
 30
33.74999999999999
 11
317.4999999999979
 21
-69.53
 31
33.74999999999999
210
1.0
220
6.062644881861810E-16
230
0.0
  0
LINE
  5
EE
330
1F
100
AcDbEntity
  8
Sketch 08
100
AcDbLine
 10
317.4999999999979
 20
-69.53
 30
33.74999999999999
 11
317.4999999999979
 21
-69.52999999999997
 31
19.99999999999994
210
1.0
220
6.062644881861810E-16
230
0.0
  0
LINE
  5
EF
330
1F
100
AcDbEntity
  8
Sketch 08
100
AcDbLine
 10
317.499999999998
 20
-301.5
 30
-33.75000000000001
 11
317.499999999998
 21
-301.5
 31
-32.25000000000001
210
1.0
220
6.062644881861810E-16
230
0.0
  0
LINE
  5
F0
330
1F
100
AcDbEntity
  8
Sketch 08
100
AcDbLine
 10
317.499999999998
 20
-301.5
 30
-32.25000000000001
 11
317.499999999998
 21
-299.47
 31
-32.25000000000001
210
1.0
220
6.062644881861810E-16
230
0.0
  0
LINE
  5
F1
330
1F
100
AcDbEntity
  8
Sketch 08
100
AcDbLine
 10
317.499999999998
 20
-299.47
 30
-32.25000000000001
 11
317.499999999998
 21
-299.47
 31
-33.75000000000001
210
1.0
220
6.062644881861810E-16
230
0.0
  0
LINE
  5
F2
330
1F
100
AcDbEntity
  8
Sketch 08
100
AcDbLine
 10
317.499999999998
 20
-299.47
 30
-33.75000000000001
 11
317.499999999998
 21
-301.5
 31
-33.75000000000001
210
1.0
220
6.062644881861810E-16
230
0.0
  0
LINE
  5
F3
330
1F
100
AcDbEntity
  8
Sketch 08
100
AcDbLine
 10
317.499999999998
 20
-301.5
 30
-31.50000000000001
 11
317.499999999998
 21
-301.5
 31
-24.50000000000001
210
1.0
220
6.062644881861810E-16
230
0.0
  0
LINE
  5
F4
330
1F
100
AcDbEntity
  8
Sketch 08
100
AcDbLine
 10
317.499999999998
 20
-301.5
 30
-24.50000000000001
 11
317.499999999998
 21
-294.39
 31
-24.50000000000001
210
1.0
220
6.062644881861810E-16
230
0.0
  0
LINE
  5
F5
330
1F
100
AcDbEntity
  8
Sketch 08
100
AcDbLine
 10
317.499999999998
 20
-292.39
 30
-26.50000000000002
 11
317.499999999998
 21
-292.39
 31
-29.50000000000002
210
1.0
220
6.062644881861810E-16
230
0.0
  0
LINE
  5
F6
330
1F
100
AcDbEntity
  8
Sketch 08
100
AcDbLine
 10
317.499999999998
 20
-294.39
 30
-31.50000000000002
 11
317.499999999998
 21
-301.5
 31
-31.50000000000001
210
1.0
220
6.062644881861810E-16
230
0.0
  0
LINE
  5
F7
330
1F
100
AcDbEntity
  8
Sketch 08
100
AcDbLine
 10
317.4999999999981
 20
-472.4099999999991
 30
-25.00000000000001
 11
317.4999999999981
 21
-392.4699999999991
 31
-25.00000000000001
210
1.0
220
6.062644881861810E-16
230
0.0
  0
LINE
  5
F8
330
1F
100
AcDbEntity
  8
Sketch 08
100
AcDbLine
 10
317.4999999999981
 20
-390.4699999999992
 30
-27.00000000000001
 11
317.4999999999981
 21
-390.4699999999992
 31
-80.99999999999999
210
1.0
220
6.062644881861810E-16
230
0.0
  0
LINE
  5
F9
330
1F
100
AcDbEntity
  8
Sketch 08
100
AcDbLine
 10
317.4999999999981
 20
-386.4699999999991
 30
-84.99999999999999
 11
317.499999999998
 21
-302.5
 31
-84.99999999999999
210
1.0
220
6.062644881861810E-16
230
0.0
  0
LINE
  5
FA
330
1F
100
AcDbEntity
  8
Sketch 08
100
AcDbLine
 10
317.499999999998
 20
-300.5
 30
-87.0
 11
317.499999999998
 21
-300.5000000000007
 31
-198.9699999999993
210
1.0
220
6.062644881861810E-16
230
0.0
  0
LINE
  5
FB
330
1F
100
AcDbEntity
  8
Sketch 08
100
AcDbLine
 10
317.499999999998
 20
-296.5000000000007
 30
-202.9699999999994
 11
317.499999999998
 21
-213.5000000000001
 31
-202.9699999999999
210
1.0
220
6.062644881861810E-16
230
0.0
  0
LINE
  5
FC
330
1F
100
AcDbEntity
  8
Sketch 08
100
AcDbLine
 10
317.499999999998
 20
-209.5000000000001
 30
-198.9699999999999
 11
317.499999999998
 21
-209.5
 31
-87.0
210
1.0
220
6.062644881861810E-16
230
0.0
  0
LINE
  5
FD
330
1F
100
AcDbEntity
  8
Sketch 08
100
AcDbLine
 10
317.499999999998
 20
-207.5
 30
-84.99999999999999
 11
317.499999999998
 21
-196.5
 31
-84.99999999999999
210
1.0
220
6.062644881861810E-16
230
0.0
  0
LINE
  5
FE
330
1F
100
AcDbEntity
  8
Sketch 08
100
AcDbLine
 10
317.499999999998
 20
-192.5
 30
-80.99999999999999
 11
317.499999999998
 21
-192.4999999999999
 31
-25.0
210
1.0
220
6.062644881861810E-16
230
0.0
  0
LINE
  5
FF
330
1F
100
AcDbEntity
  8
Sketch 08
100
AcDbLine
 10
317.499999999998
 20
-192.4999999999999
 30
-25.0
 11
317.4999999999978
 21
49.43999999999994
 31
-25.00000000000003
210
1.0
220
6.062644881861810E-16
230
0.0
  0
LINE
  5
100
330
1F
100
AcDbEntity
  8
Sketch 08
100
AcDbLine
 10
317.4999999999978
 20
53.43999999999995
 30
-21.00000000000002
 11
317.4999999999978
 21
53.43999999999995
 31
55.99999999999999
210
1.0
220
6.062644881861810E-16
230
0.0
  0
LINE
  5
101
330
1F
100
AcDbEntity
  8
Sketch 08
100
AcDbLine
 10
317.4999999999978
 20
49.43999999999994
 30
59.99999999999999
 11
317.4999999999979
 21
-140.53
 31
60.0
210
1.0
220
6.062644881861810E-16
230
0.0
  0
LINE
  5
102
330
1F
100
AcDbEntity
  8
Sketch 08
100
AcDbLine
 10
317.499999999998
 20
-144.53
 30
55.99999999999999
 11
317.499999999998
 21
-144.53
 31
2.0
210
1.0
220
6.062644881861810E-16
230
0.0
  0
LINE
  5
103
330
1F
100
AcDbEntity
  8
Sketch 08
100
AcDbLine
 10
317.499999999998
 20
-146.53
 30
0.0
 11
317.4999999999981
 21
-472.4099999999991
 31
0.0
210
1.0
220
6.062644881861810E-16
230
0.0
  0
LINE
  5
104
330
1F
100
AcDbEntity
  8
Sketch 08
100
AcDbLine
 10
317.4999999999981
 20
-476.4099999999991
 30
-4.000000000000001
 11
317.4999999999981
 21
-476.4099999999991
 31
-21.0
210
1.0
220
6.062644881861810E-16
230
0.0
  0
LINE
  5
105
330
1F
100
AcDbEntity
  8
Sketch 08
100
AcDbLine
 10
317.4999999999979
 20
-86.53
 30
0.0000000000000069
 11
317.4999999999979
 21
-127.53
 31
0.0000000000000069
210
1.0
220
6.062644881861810E-16
230
0.0
  0
LINE
  5
106
330
1F
100
AcDbEntity
  8
Sketch 08
100
AcDbLine
 10
317.4999999999979
 20
-129.53
 30
2.000000000000008
 11
317.4999999999979
 21
-129.53
 31
16.0
210
1.0
220
6.062644881861810E-16
230
0.0
  0
LINE
  5
107
330
1F
100
AcDbEntity
  8
Sketch 08
100
AcDbLine
 10
317.4999999999979
 20
-129.53
 30
16.0
 11
317.4999999999979
 21
-121.4350000000001
 31
15.99999999999999
210
1.0
220
6.062644881861810E-16
230
0.0
  0
LINE
  5
108
330
1F
100
AcDbEntity
  8
Sketch 08
100
AcDbLine
 10
317.4999999999979
 20
-117.4350000000001
 30
19.99999999999999
 11
317.4999999999979
 21
-117.4350000000001
 31
25.0
210
1.0
220
6.062644881861810E-16
230
0.0
  0
LINE
  5
109
330
1F
100
AcDbEntity
  8
Sketch 08
100
AcDbLine
 10
317.4999999999979
 20
-121.4350000000001
 30
29.0
 11
317.4999999999979
 21
-129.53
 31
29.0
210
1.0
220
6.062644881861810E-16
230
0.0
  0
LINE
  5
10A
330
1F
100
AcDbEntity
  8
Sketch 08
100
AcDbLine
 10
317.4999999999979
 20
-129.53
 30
29.0
 11
317.4999999999979
 21
-129.53
 31
42.99999999999999
210
1.0
220
6.062644881861810E-16
230
0.0
  0
LINE
  5
10B
330
1F
100
AcDbEntity
  8
Sketch 08
100
AcDbLine
 10
317.4999999999979
 20
-127.53
 30
45.0
 11
317.4999999999979
 21
-86.53
 31
45.0
210
1.0
220
6.062644881861810E-16
230
0.0
  0
LINE
  5
10C
330
1F
100
AcDbEntity
  8
Sketch 08
100
AcDbLine
 10
317.4999999999979
 20
-84.52999999999999
 30
42.99999999999999
 11
317.4999999999979
 21
-84.52999999999999
 31
29.00000000000001
210
1.0
220
6.062644881861810E-16
230
0.0
  0
LINE
  5
10D
330
1F
100
AcDbEntity
  8
Sketch 08
100
AcDbLine
 10
317.4999999999979
 20
-84.52999999999999
 30
29.00000000000001
 11
317.4999999999979
 21
-92.62499999999996
 31
29.00000000000001
210
1.0
220
6.062644881861810E-16
230
0.0
  0
LINE
  5
10E
330
1F
100
AcDbEntity
  8
Sketch 08
100
AcDbLine
 10
317.4999999999979
 20
-96.62499999999996
 30
25.00000000000001
 11
317.4999999999979
 21
-96.62499999999996
 31
20.00000000000001
210
1.0
220
6.062644881861810E-16
230
0.0
  0
LINE
  5
10F
330
1F
100
AcDbEntity
  8
Sketch 08
100
AcDbLine
 10
317.4999999999979
 20
-92.62499999999996
 30
16.00000000000001
 11
317.4999999999979
 21
-84.52999999999999
 31
16.0
210
1.0
220
6.062644881861810E-16
230
0.0
  0
LINE
  5
110
330
1F
100
AcDbEntity
  8
Sketch 08
100
AcDbLine
 10
317.4999999999979
 20
-84.52999999999999
 30
16.0
 11
317.4999999999979
 21
-84.52999999999999
 31
2.000000000000009
210
1.0
220
6.062644881861810E-16
230
0.0
  0
LINE
  5
111
330
1F
100
AcDbEntity
  8
Sketch 08
100
AcDbLine
 10
317.499999999998
 20
-299.47
 30
-23.75000000000001
 11
317.499999999998
 21
-301.5
 31
-23.75000000000001
210
1.0
220
6.062644881861810E-16
230
0.0
  0
LINE
  5
112
330
1F
100
AcDbEntity
  8
Sketch 08
100
AcDbLine
 10
317.499999999998
 20
-301.5
 30
-23.75000000000001
 11
317.499999999998
 21
-301.5
 31
-22.25000000000001
210
1.0
220
6.062644881861810E-16
230
0.0
  0
LINE
  5
113
330
1F
100
AcDbEntity
  8
Sketch 08
100
AcDbLine
 10
317.499999999998
 20
-301.5
 30
-22.25000000000001
 11
317.499999999998
 21
-299.47
 31
-22.25000000000001
210
1.0
220
6.062644881861810E-16
230
0.0
  0
LINE
  5
114
330
1F
100
AcDbEntity
  8
Sketch 08
100
AcDbLine
 10
317.499999999998
 20
-299.47
 30
-22.25000000000001
 11
317.499999999998
 21
-299.47
 31
-23.75000000000001
210
1.0
220
6.062644881861810E-16
230
0.0
  0
LINE
  5
115
330
1F
100
AcDbEntity
  8
Sketch 08
100
AcDbLine
 10
317.499999999998
 20
-223.1480838483988
 30
-190.4743835664437
 11
317.499999999998
 21
-248.1533704188594
 31
-154.1030576457736
210
1.0
220
6.062644881861810E-16
230
0.0
  0
LINE
  5
116
330
1F
100
AcDbEntity
  8
Sketch 08
100
AcDbLine
 10
317.499999999998
 20
-248.1533704188594
 30
-151.8369423542253
 11
317.499999999998
 21
-223.1480838483988
 31
-115.465616433556
210
1.0
220
6.062644881861810E-16
230
0.0
  0
LINE
  5
117
330
1F
100
AcDbEntity
  8
Sketch 08
100
AcDbLine
 10
317.499999999998
 20
-219.5000000000001
 30
-116.5986779849367
 11
317.499999999998
 21
-219.5000000000001
 31
-189.3413220192013
210
1.0
220
6.062644881861810E-16
230
0.0
  0
LINE
  5
118
330
1F
100
AcDbEntity
  8
Sketch 08
100
AcDbLine
 10
317.499999999998
 20
-286.8519161516014
 30
-115.4656164335556
 11
317.499999999998
 21
-261.8466295811411
 31
-151.8369423542253
210
1.0
220
6.062644881861810E-16
230
0.0
  0
LINE
  5
119
330
1F
100
AcDbEntity
  8
Sketch 08
100
AcDbLine
 10
317.499999999998
 20
-261.8466295811411
 30
-154.1030576457735
 11
317.499999999998
 21
-286.851916151602
 31
-190.4743835664433
210
1.0
220
6.062644881861810E-16
230
0.0
  0
LINE
  5
11A
330
1F
100
AcDbEntity
  8
Sketch 08
100
AcDbLine
 10
317.499999999998
 20
-290.5000000000006
 30
-189.3413220172007
 11
317.499999999998
 21
-290.5000000000002
 31
-116.5986779827975
210
1.0
220
6.062644881861810E-16
230
0.0
  0
LINE
  5
11B
330
1F
100
AcDbEntity
  8
Sketch 08
100
AcDbLine
 10
317.499999999998
 20
-253.3519161516016
 30
-164.1928891608283
 11
317.499999999998
 21
-235.721629581141
 31
-189.8369423542256
210
1.0
220
6.062644881861810E-16
230
0.0
  0
LINE
  5
11C
330
1F
100
AcDbEntity
  8
Sketch 08
100
AcDbLine
 10
317.499999999998
 20
-237.3697134295398
 30
-192.9699999999997
 11
317.499999999998
 21
-272.6302865704611
 31
-192.9699999999995
210
1.0
220
6.062644881861810E-16
230
0.0
  0
LINE
  5
11D
330
1F
100
AcDbEntity
  8
Sketch 08
100
AcDbLine
 10
317.499999999998
 20
-274.2783704188598
 30
-189.8369423542254
 11
317.499999999998
 21
-256.648083848399
 31
-164.1928891608283
210
1.0
220
6.062644881861810E-16
230
0.0
  0
LINE
  5
11E
330
1F
100
AcDbEntity
  8
Sketch 08
100
AcDbLine
 10
317.499999999998
 20
-256.648083848399
 30
-141.7471108391706
 11
317.499999999998
 21
-274.2783704188593
 31
-116.1030576457736
210
1.0
220
6.062644881861810E-16
230
0.0
  0
LINE
  5
11F
330
1F
100
AcDbEntity
  8
Sketch 08
100
AcDbLine
 10
317.499999999998
 20
-272.6302865704606
 30
-112.9699999999995
 11
317.499999999998
 21
-237.3697134295397
 31
-112.9699999999998
210
1.0
220
6.062644881861810E-16
230
0.0
  0
LINE
  5
120
330
1F
100
AcDbEntity
  8
Sketch 08
100
AcDbLine
 10
317.499999999998
 20
-235.721629581141
 30
-116.1030576457739
 11
317.499999999998
 21
-253.3519161516015
 31
-141.7471108391706
210
1.0
220
6.062644881861810E-16
230
0.0
  0
LINE
  5
121
330
1F
100
AcDbEntity
  8
Sketch 08
100
AcDbLine
 10
317.4999999999981
 20
-337.5799999999991
 30
-44.07868606332109
 11
317.4999999999981
 21
-330.4699999999992
 31
-44.07868606332109
210
1.0
220
6.062644881861810E-16
230
0.0
  0
LINE
  5
122
330
1F
100
AcDbEntity
  8
Sketch 08
100
AcDbLine
 10
317.4999999999981
 20
-330.4699999999992
 30
-44.07868606332109
 11
317.4999999999981
 21
-330.4699999999992
 31
-51.07868606332109
210
1.0
220
6.062644881861810E-16
230
0.0
  0
LINE
  5
123
330
1F
100
AcDbEntity
  8
Sketch 08
100
AcDbLine
 10
317.4999999999981
 20
-330.4699999999992
 30
-51.07868606332109
 11
317.4999999999981
 21
-337.5799999999991
 31
-51.07868606332109
210
1.0
220
6.062644881861810E-16
230
0.0
  0
LINE
  5
124
330
1F
100
AcDbEntity
  8
Sketch 08
100
AcDbLine
 10
317.4999999999981
 20
-339.5799999999991
 30
-49.07868606332109
 11
317.4999999999981
 21
-339.5799999999991
 31
-46.07868606332109
210
1.0
220
6.062644881861810E-16
230
0.0
  0
LINE
  5
125
330
1F
100
AcDbEntity
  8
Sketch 08
100
AcDbLine
 10
317.499999999998
 20
-296.375
 30
-32.25000000000001
 11
317.499999999998
 21
-294.345
 31
-32.25000000000001
210
1.0
220
6.062644881861810E-16
230
0.0
  0
LINE
  5
126
330
1F
100
AcDbEntity
  8
Sketch 08
100
AcDbLine
 10
317.499999999998
 20
-294.345
 30
-32.25000000000001
 11
317.499999999998
 21
-294.345
 31
-33.75000000000001
210
1.0
220
6.062644881861810E-16
230
0.0
  0
LINE
  5
127
330
1F
100
AcDbEntity
  8
Sketch 08
100
AcDbLine
 10
317.499999999998
 20
-294.345
 30
-33.75000000000001
 11
317.499999999998
 21
-296.375
 31
-33.75000000000001
210
1.0
220
6.062644881861810E-16
230
0.0
  0
LINE
  5
128
330
1F
100
AcDbEntity
  8
Sketch 08
100
AcDbLine
 10
317.499999999998
 20
-296.375
 30
-33.75000000000001
 11
317.499999999998
 21
-296.375
 31
-32.25000000000001
210
1.0
220
6.062644881861810E-16
230
0.0
  0
LINE
  5
129
330
1F
100
AcDbEntity
  8
Sketch 08
100
AcDbLine
 10
317.499999999998
 20
-296.375
 30
-22.25000000000001
 11
317.499999999998
 21
-294.345
 31
-22.25000000000001
210
1.0
220
6.062644881861810E-16
230
0.0
  0
LINE
  5
12A
330
1F
100
AcDbEntity
  8
Sketch 08
100
AcDbLine
 10
317.499999999998
 20
-294.345
 30
-22.25000000000001
 11
317.499999999998
 21
-294.345
 31
-23.75000000000001
210
1.0
220
6.062644881861810E-16
230
0.0
  0
LINE
  5
12B
330
1F
100
AcDbEntity
  8
Sketch 08
100
AcDbLine
 10
317.499999999998
 20
-294.345
 30
-23.75000000000001
 11
317.499999999998
 21
-296.375
 31
-23.75000000000001
210
1.0
220
6.062644881861810E-16
230
0.0
  0
LINE
  5
12C
330
1F
100
AcDbEntity
  8
Sketch 08
100
AcDbLine
 10
317.499999999998
 20
-296.375
 30
-23.75000000000001
 11
317.499999999998
 21
-296.375
 31
-22.25000000000001
210
1.0
220
6.062644881861810E-16
230
0.0
  0
LINE
  5
12D
330
1F
100
AcDbEntity
  8
Sketch 08
100
AcDbLine
 10
317.499999999998
 20
-214.5
 30
-90.0
 11
317.499999999998
 21
-229.75
 31
-89.99999999999991
210
1.0
220
6.062644881861810E-16
230
0.0
  0
LINE
  5
12E
330
1F
100
AcDbEntity
  8
Sketch 08
100
AcDbLine
 10
317.499999999998
 20
-229.75
 30
-89.99999999999991
 11
317.499999999998
 21
-229.75
 31
-87.97
210
1.0
220
6.062644881861810E-16
230
0.0
  0
LINE
  5
12F
330
1F
100
AcDbEntity
  8
Sketch 08
100
AcDbLine
 10
317.499999999998
 20
-229.75
 30
-87.97
 11
317.499999999998
 21
-214.5
 31
-87.97
210
1.0
220
6.062644881861810E-16
230
0.0
  0
LINE
  5
130
330
1F
100
AcDbEntity
  8
Sketch 08
100
AcDbLine
 10
317.499999999998
 20
-214.5
 30
-87.97
 11
317.499999999998
 21
-214.5
 31
-90.0
210
1.0
220
6.062644881861810E-16
230
0.0
  0
LINE
  5
131
330
1F
100
AcDbEntity
  8
Sketch 08
100
AcDbLine
 10
317.499999999998
 20
-234.75
 30
-89.99999999999986
 11
317.499999999998
 21
-252.4999999999999
 31
-89.99999999999974
210
1.0
220
6.062644881861810E-16
230
0.0
  0
LINE
  5
132
330
1F
100
AcDbEntity
  8
Sketch 08
100
AcDbLine
 10
317.499999999998
 20
-252.4999999999999
 30
-89.99999999999974
 11
317.499999999998
 21
-252.5
 31
-87.97
210
1.0
220
6.062644881861810E-16
230
0.0
  0
LINE
  5
133
330
1F
100
AcDbEntity
  8
Sketch 08
100
AcDbLine
 10
317.499999999998
 20
-252.5
 30
-87.97
 11
317.499999999998
 21
-234.75
 31
-87.97
210
1.0
220
6.062644881861810E-16
230
0.0
  0
LINE
  5
134
330
1F
100
AcDbEntity
  8
Sketch 08
100
AcDbLine
 10
317.499999999998
 20
-234.75
 30
-87.97
 11
317.499999999998
 21
-234.75
 31
-89.99999999999986
210
1.0
220
6.062644881861810E-16
230
0.0
  0
LINE
  5
135
330
1F
100
AcDbEntity
  8
Sketch 08
100
AcDbLine
 10
317.499999999998
 20
-295.5000000000001
 30
-87.97
 11
317.499999999998
 21
-280.2500000000001
 31
-87.97
210
1.0
220
6.062644881861810E-16
230
0.0
  0
LINE
  5
136
330
1F
100
AcDbEntity
  8
Sketch 08
100
AcDbLine
 10
317.499999999998
 20
-280.2500000000001
 30
-87.97
 11
317.499999999998
 21
-280.2500000000001
 31
-89.99999999999991
210
1.0
220
6.062644881861810E-16
230
0.0
  0
LINE
  5
137
330
1F
100
AcDbEntity
  8
Sketch 08
100
AcDbLine
 10
317.499999999998
 20
-280.2500000000001
 30
-89.99999999999991
 11
317.499999999998
 21
-295.5000000000007
 31
-90.00000000000003
210
1.0
220
6.062644881861810E-16
230
0.0
  0
LINE
  5
138
330
1F
100
AcDbEntity
  8
Sketch 08
100
AcDbLine
 10
317.499999999998
 20
-295.5000000000007
 30
-90.00000000000003
 11
317.499999999998
 21
-295.5000000000001
 31
-87.97
210
1.0
220
6.062644881861810E-16
230
0.0
  0
LINE
  5
139
330
1F
100
AcDbEntity
  8
Sketch 08
100
AcDbLine
 10
317.499999999998
 20
-275.2500000000001
 30
-87.97
 11
317.499999999998
 21
-257.5000000000001
 31
-87.97
210
1.0
220
6.062644881861810E-16
230
0.0
  0
LINE
  5
13A
330
1F
100
AcDbEntity
  8
Sketch 08
100
AcDbLine
 10
317.499999999998
 20
-257.5000000000001
 30
-87.97
 11
317.499999999998
 21
-257.5000000000001
 31
-89.99999999999974
210
1.0
220
6.062644881861810E-16
230
0.0
  0
LINE
  5
13B
330
1F
100
AcDbEntity
  8
Sketch 08
100
AcDbLine
 10
317.499999999998
 20
-257.5000000000001
 30
-89.99999999999974
 11
317.499999999998
 21
-275.2500000000008
 31
-89.99999999999986
210
1.0
220
6.062644881861810E-16
230
0.0
  0
LINE
  5
13C
330
1F
100
AcDbEntity
  8
Sketch 08
100
AcDbLine
 10
317.499999999998
 20
-275.2500000000008
 30
-89.99999999999986
 11
317.499999999998
 21
-275.2500000000001
 31
-87.97
210
1.0
220
6.062644881861810E-16
230
0.0
  0
LINE
  5
13D
330
1F
100
AcDbEntity
  8
Sketch 08
100
AcDbLine
 10
317.4999999999981
 20
-335.5949999999991
 30
-43.32868606332109
 11
317.4999999999981
 21
-337.6249999999991
 31
-43.32868606332109
210
1.0
220
6.062644881861810E-16
230
0.0
  0
LINE
  5
13E
330
1F
100
AcDbEntity
  8
Sketch 08
100
AcDbLine
 10
317.4999999999981
 20
-337.6249999999991
 30
-43.32868606332109
 11
317.4999999999981
 21
-337.6249999999991
 31
-41.82868606332109
210
1.0
220
6.062644881861810E-16
230
0.0
  0
LINE
  5
13F
330
1F
100
AcDbEntity
  8
Sketch 08
100
AcDbLine
 10
317.4999999999981
 20
-337.6249999999991
 30
-41.82868606332109
 11
317.4999999999981
 21
-335.5949999999991
 31
-41.82868606332109
210
1.0
220
6.062644881861810E-16
230
0.0
  0
LINE
  5
140
330
1F
100
AcDbEntity
  8
Sketch 08
100
AcDbLine
 10
317.4999999999981
 20
-335.5949999999991
 30
-41.82868606332109
 11
317.4999999999981
 21
-335.5949999999991
 31
-43.32868606332109
210
1.0
220
6.062644881861810E-16
230
0.0
  0
LINE
  5
141
330
1F
100
AcDbEntity
  8
Sketch 08
100
AcDbLine
 10
317.4999999999981
 20
-335.5949999999991
 30
-53.3286860633211
 11
317.4999999999981
 21
-337.6249999999991
 31
-53.3286860633211
210
1.0
220
6.062644881861810E-16
230
0.0
  0
LINE
  5
142
330
1F
100
AcDbEntity
  8
Sketch 08
100
AcDbLine
 10
317.4999999999981
 20
-337.6249999999991
 30
-53.3286860633211
 11
317.4999999999981
 21
-337.6249999999991
 31
-51.8286860633211
210
1.0
220
6.062644881861810E-16
230
0.0
  0
LINE
  5
143
330
1F
100
AcDbEntity
  8
Sketch 08
100
AcDbLine
 10
317.4999999999981
 20
-337.6249999999991
 30
-51.8286860633211
 11
317.4999999999981
 21
-335.5949999999991
 31
-51.8286860633211
210
1.0
220
6.062644881861810E-16
230
0.0
  0
LINE
  5
144
330
1F
100
AcDbEntity
  8
Sketch 08
100
AcDbLine
 10
317.4999999999981
 20
-335.5949999999991
 30
-51.8286860633211
 11
317.4999999999981
 21
-335.5949999999991
 31
-53.3286860633211
210
1.0
220
6.062644881861810E-16
230
0.0
  0
LINE
  5
145
330
1F
100
AcDbEntity
  8
Sketch 08
100
AcDbLine
 10
317.4999999999979
 20
-124.42
 30
18.25
 11
317.4999999999979
 21
-122.3900000000001
 31
18.25
210
1.0
220
6.062644881861810E-16
230
0.0
  0
LINE
  5
146
330
1F
100
AcDbEntity
  8
Sketch 08
100
AcDbLine
 10
317.4999999999979
 20
-122.3900000000001
 30
18.25
 11
317.4999999999979
 21
-122.3900000000001
 31
16.75
210
1.0
220
6.062644881861810E-16
230
0.0
  0
LINE
  5
147
330
1F
100
AcDbEntity
  8
Sketch 08
100
AcDbLine
 10
317.4999999999979
 20
-122.3900000000001
 30
16.75
 11
317.4999999999979
 21
-124.42
 31
16.74999999999999
210
1.0
220
6.062644881861810E-16
230
0.0
  0
LINE
  5
148
330
1F
100
AcDbEntity
  8
Sketch 08
100
AcDbLine
 10
317.4999999999979
 20
-124.42
 30
16.74999999999999
 11
317.4999999999979
 21
-124.42
 31
18.25
210
1.0
220
6.062644881861810E-16
230
0.0
  0
LINE
  5
149
330
1F
100
AcDbEntity
  8
Sketch 08
100
AcDbLine
 10
317.4999999999979
 20
-124.42
 30
28.25
 11
317.4999999999979
 21
-122.3900000000001
 31
28.25
210
1.0
220
6.062644881861810E-16
230
0.0
  0
LINE
  5
14A
330
1F
100
AcDbEntity
  8
Sketch 08
100
AcDbLine
 10
317.4999999999979
 20
-122.3900000000001
 30
28.25
 11
317.4999999999979
 21
-122.3900000000001
 31
26.75
210
1.0
220
6.062644881861810E-16
230
0.0
  0
LINE
  5
14B
330
1F
100
AcDbEntity
  8
Sketch 08
100
AcDbLine
 10
317.4999999999979
 20
-122.3900000000001
 30
26.75
 11
317.4999999999979
 21
-124.42
 31
26.75
210
1.0
220
6.062644881861810E-16
230
0.0
  0
LINE
  5
14C
330
1F
100
AcDbEntity
  8
Sketch 08
100
AcDbLine
 10
317.4999999999979
 20
-124.42
 30
26.75
 11
317.4999999999979
 21
-124.42
 31
28.25
210
1.0
220
6.062644881861810E-16
230
0.0
  0
LINE
  5
14D
330
1F
100
AcDbEntity
  8
Sketch 08
100
AcDbLine
 10
317.4999999999979
 20
-89.64
 30
26.75000000000001
 11
317.4999999999979
 21
-91.66999999999997
 31
26.75000000000001
210
1.0
220
6.062644881861810E-16
230
0.0
  0
LINE
  5
14E
330
1F
100
AcDbEntity
  8
Sketch 08
100
AcDbLine
 10
317.4999999999979
 20
-91.66999999999997
 30
26.75000000000001
 11
317.4999999999979
 21
-91.66999999999997
 31
28.25000000000001
210
1.0
220
6.062644881861810E-16
230
0.0
  0
LINE
  5
14F
330
1F
100
AcDbEntity
  8
Sketch 08
100
AcDbLine
 10
317.4999999999979
 20
-91.66999999999997
 30
28.25000000000001
 11
317.4999999999979
 21
-89.64
 31
28.25000000000001
210
1.0
220
6.062644881861810E-16
230
0.0
  0
LINE
  5
150
330
1F
100
AcDbEntity
  8
Sketch 08
100
AcDbLine
 10
317.4999999999979
 20
-89.64
 30
28.25000000000001
 11
317.4999999999979
 21
-89.64
 31
26.75000000000001
210
1.0
220
6.062644881861810E-16
230
0.0
  0
LINE
  5
151
330
1F
100
AcDbEntity
  8
Sketch 08
100
AcDbLine
 10
317.4999999999979
 20
-89.64
 30
16.75
 11
317.4999999999979
 21
-91.66999999999997
 31
16.75
210
1.0
220
6.062644881861810E-16
230
0.0
  0
LINE
  5
152
330
1F
100
AcDbEntity
  8
Sketch 08
100
AcDbLine
 10
317.4999999999979
 20
-91.66999999999997
 30
16.75
 11
317.4999999999979
 21
-91.66999999999997
 31
18.25
210
1.0
220
6.062644881861810E-16
230
0.0
  0
LINE
  5
153
330
1F
100
AcDbEntity
  8
Sketch 08
100
AcDbLine
 10
317.4999999999979
 20
-91.66999999999997
 30
18.25
 11
317.4999999999979
 21
-89.64
 31
18.25000000000001
210
1.0
220
6.062644881861810E-16
230
0.0
  0
LINE
  5
154
330
1F
100
AcDbEntity
  8
Sketch 08
100
AcDbLine
 10
317.4999999999979
 20
-89.64
 30
18.25000000000001
 11
317.4999999999979
 21
-89.64
 31
16.75
210
1.0
220
6.062644881861810E-16
230
0.0
  0
ARC
  5
155
330
1F
100
AcDbEntity
  8
Sketch 08
100
AcDbCircle
 10
-91.62500000000016
 20
21.00000000000001
 30
317.4999999999978
 40
2.000000000000002
210
1.0
220
6.062644881861810E-16
230
0.0
100
AcDbArc
 50
180.0
 51
270.0
  0
ARC
  5
156
330
1F
100
AcDbEntity
  8
Sketch 08
100
AcDbCircle
 10
-91.62500000000016
 20
24.00000000000001
 30
317.4999999999978
 40
2.000000000000002
210
1.0
220
6.062644881861810E-16
230
0.0
100
AcDbArc
 50
90.0
 51
180.0
  0
ARC
  5
157
330
1F
100
AcDbEntity
  8
Sketch 08
100
AcDbCircle
 10
-122.4350000000003
 20
23.99999999999999
 30
317.4999999999978
 40
2.000000000000002
210
1.0
220
6.062644881861810E-16
230
0.0
100
AcDbArc
 50
0.0
 51
90.0
  0
ARC
  5
158
330
1F
100
AcDbEntity
  8
Sketch 08
100
AcDbCircle
 10
-122.4350000000003
 20
20.99999999999999
 30
317.4999999999978
 40
2.000000000000002
210
1.0
220
6.062644881861810E-16
230
0.0
100
AcDbArc
 50
270.0
 51
0.0
  0
ARC
  5
159
330
1F
100
AcDbEntity
  8
Sketch 08
100
AcDbCircle
 10
-248.6100000000002
 20
-29.49999999999998
 30
317.4999999999978
 40
2.000000000000002
210
1.0
220
6.062644881861810E-16
230
0.0
100
AcDbArc
 50
180.0
 51
270.0
  0
ARC
  5
15A
330
1F
100
AcDbEntity
  8
Sketch 08
100
AcDbCircle
 10
-248.6100000000002
 20
-26.49999999999998
 30
317.4999999999978
 40
2.000000000000002
210
1.0
220
6.062644881861810E-16
230
0.0
100
AcDbArc
 50
90.0
 51
180.0
  0
ARC
  5
15B
330
1F
100
AcDbEntity
  8
Sketch 08
100
AcDbCircle
 10
-249.6100000000002
 20
-25.49999999999998
 30
317.4999999999978
 40
4.0
210
1.0
220
6.062644881861810E-16
230
0.0
100
AcDbArc
 50
90.0
 51
180.0
  0
ARC
  5
15C
330
1F
100
AcDbEntity
  8
Sketch 08
100
AcDbCircle
 10
-249.6100000000002
 20
-30.49999999999998
 30
317.4999999999978
 40
4.000000000000004
210
1.0
220
6.062644881861810E-16
230
0.0
100
AcDbArc
 50
180.0
 51
270.0
  0
ARC
  5
15D
330
1F
100
AcDbEntity
  8
Sketch 08
100
AcDbCircle
 10
-243.5000000000002
 20
-40.99999999999999
 30
317.4999999999978
 40
2.000000000000002
210
1.0
220
6.062644881861810E-16
230
0.0
100
AcDbArc
 50
270.0
 51
0.0
  0
ARC
  5
15E
330
1F
100
AcDbEntity
  8
Sketch 08
100
AcDbCircle
 10
-299.5000000000002
 20
-41.00000000000001
 30
317.4999999999978
 40
2.000000000000002
210
1.0
220
6.062644881861810E-16
230
0.0
100
AcDbArc
 50
180.0
 51
270.0
  0
ARC
  5
15F
330
1F
100
AcDbEntity
  8
Sketch 08
100
AcDbCircle
 10
-293.3900000000002
 20
-30.50000000000002
 30
317.4999999999978
 40
4.0
210
1.0
220
6.062644881861810E-16
230
0.0
100
AcDbArc
 50
270.0
 51
0.0
  0
ARC
  5
160
330
1F
100
AcDbEntity
  8
Sketch 08
100
AcDbCircle
 10
-293.3900000000002
 20
-25.50000000000001
 30
317.4999999999978
 40
4.000000000000004
210
1.0
220
6.062644881861810E-16
230
0.0
100
AcDbArc
 50
0.0
 51
90.0
  0
ARC
  5
161
330
1F
100
AcDbEntity
  8
Sketch 08
100
AcDbCircle
 10
-299.5000000000002
 20
-15.0
 30
317.4999999999978
 40
2.0
210
1.0
220
6.062644881861810E-16
230
0.0
100
AcDbArc
 50
90.0
 51
180.0
  0
ARC
  5
162
330
1F
100
AcDbEntity
  8
Sketch 08
100
AcDbCircle
 10
-243.5000000000002
 20
-14.99999999999999
 30
317.4999999999978
 40
2.000000000000002
210
1.0
220
6.062644881861810E-16
230
0.0
100
AcDbArc
 50
0.0
 51
90.0
  0
ARC
  5
163
330
1F
100
AcDbEntity
  8
Sketch 08
100
AcDbCircle
 10
-367.3899999999993
 20
-50.07868606332111
 30
317.4999999999978
 40
4.000000000000004
210
1.0
220
6.062644881861810E-16
230
0.0
100
AcDbArc
 50
270.0
 51
0.0
  0
ARC
  5
164
330
1F
100
AcDbEntity
  8
Sketch 08
100
AcDbCircle
 10
-367.3899999999993
 20
-45.07868606332111
 30
317.4999999999978
 40
4.000000000000004
210
1.0
220
6.062644881861810E-16
230
0.0
100
AcDbArc
 50
0.0
 51
90.0
  0
ARC
  5
165
330
1F
100
AcDbEntity
  8
Sketch 08
100
AcDbCircle
 10
-373.4699999999993
 20
-27.00000000000001
 30
317.4999999999978
 40
2.000000000000002
210
1.0
220
6.062644881861810E-16
230
0.0
100
AcDbArc
 50
90.0
 51
180.0
  0
ARC
  5
166
330
1F
100
AcDbEntity
  8
Sketch 08
100
AcDbCircle
 10
-332.4699999999993
 20
-27.00000000000001
 30
317.4999999999978
 40
2.000000000000002
210
1.0
220
6.062644881861810E-16
230
0.0
100
AcDbArc
 50
0.0
 51
90.0
  0
ARC
  5
167
330
1F
100
AcDbEntity
  8
Sketch 08
100
AcDbCircle
 10
-338.5799999999992
 20
-45.07868606332109
 30
317.4999999999978
 40
4.000000000000004
210
1.0
220
6.062644881861810E-16
230
0.0
100
AcDbArc
 50
90.0
 51
180.0
  0
ARC
  5
168
330
1F
100
AcDbEntity
  8
Sketch 08
100
AcDbCircle
 10
-338.5799999999992
 20
-50.07868606332109
 30
317.4999999999978
 40
4.000000000000004
210
1.0
220
6.062644881861810E-16
230
0.0
100
AcDbArc
 50
180.0
 51
270.0
  0
ARC
  5
169
330
1F
100
AcDbEntity
  8
Sketch 08
100
AcDbCircle
 10
-332.4699999999993
 20
-68.0
 30
317.4999999999978
 40
2.000000000000002
210
1.0
220
6.062644881861810E-16
230
0.0
100
AcDbArc
 50
270.0
 51
0.0
  0
ARC
  5
16A
330
1F
100
AcDbEntity
  8
Sketch 08
100
AcDbCircle
 10
-373.4699999999993
 20
-68.0
 30
317.4999999999978
 40
2.000000000000002
210
1.0
220
6.062644881861810E-16
230
0.0
100
AcDbArc
 50
180.0
 51
270.0
  0
ARC
  5
16B
330
1F
100
AcDbEntity
  8
Sketch 08
100
AcDbCircle
 10
-368.3899999999993
 20
-46.07868606332111
 30
317.4999999999978
 40
2.000000000000002
210
1.0
220
6.062644881861810E-16
230
0.0
100
AcDbArc
 50
0.0
 51
90.0
  0
ARC
  5
16C
330
1F
100
AcDbEntity
  8
Sketch 08
100
AcDbCircle
 10
-368.3899999999993
 20
-49.07868606332111
 30
317.4999999999978
 40
2.000000000000002
210
1.0
220
6.062644881861810E-16
230
0.0
100
AcDbArc
 50
270.0
 51
0.0
  0
ARC
  5
16D
330
1F
100
AcDbEntity
  8
Sketch 08
100
AcDbCircle
 10
-294.3900000000002
 20
-26.50000000000001
 30
317.4999999999978
 40
2.000000000000002
210
1.0
220
6.062644881861810E-16
230
0.0
100
AcDbArc
 50
359.9999999999999
 51
90.0
  0
ARC
  5
16E
330
1F
100
AcDbEntity
  8
Sketch 08
100
AcDbCircle
 10
-294.3900000000002
 20
-29.50000000000001
 30
317.4999999999978
 40
1.999999999999998
210
1.0
220
6.062644881861810E-16
230
0.0
100
AcDbArc
 50
270.0
 51
359.9999999999999
  0
ARC
  5
16F
330
1F
100
AcDbEntity
  8
Sketch 08
100
AcDbCircle
 10
-392.4699999999993
 20
-27.00000000000001
 30
317.4999999999978
 40
2.000000000000002
210
1.0
220
6.062644881861810E-16
230
0.0
100
AcDbArc
 50
0.0
 51
90.0
  0
ARC
  5
170
330
1F
100
AcDbEntity
  8
Sketch 08
100
AcDbCircle
 10
-386.4699999999993
 20
-80.99999999999999
 30
317.4999999999978
 40
4.000000000000004
210
1.0
220
6.062644881861810E-16
230
0.0
100
AcDbArc
 50
180.0
 51
270.0
  0
ARC
  5
171
330
1F
100
AcDbEntity
  8
Sketch 08
100
AcDbCircle
 10
-302.5000000000002
 20
-87.0
 30
317.4999999999978
 40
2.000000000000002
210
1.0
220
6.062644881861810E-16
230
0.0
100
AcDbArc
 50
0.0
 51
90.0
  0
ARC
  5
172
330
1F
100
AcDbEntity
  8
Sketch 08
100
AcDbCircle
 10
-296.5000000000009
 20
-198.9699999999994
 30
317.4999999999978
 40
4.000000000000004
210
1.0
220
6.062644881861810E-16
230
0.0
100
AcDbArc
 50
179.9999999999996
 51
270.0
  0
ARC
  5
173
330
1F
100
AcDbEntity
  8
Sketch 08
100
AcDbCircle
 10
-213.5000000000003
 20
-198.9699999999999
 30
317.4999999999978
 40
4.000000000000004
210
1.0
220
6.062644881861810E-16
230
0.0
100
AcDbArc
 50
269.9999999999996
 51
0.0000000000000127
  0
ARC
  5
174
330
1F
100
AcDbEntity
  8
Sketch 08
100
AcDbCircle
 10
-207.5000000000002
 20
-87.0
 30
317.4999999999978
 40
2.000000000000002
210
1.0
220
6.062644881861810E-16
230
0.0
100
AcDbArc
 50
90.0
 51
180.0
  0
ARC
  5
175
330
1F
100
AcDbEntity
  8
Sketch 08
100
AcDbCircle
 10
-196.5000000000002
 20
-80.99999999999999
 30
317.4999999999978
 40
4.000000000000004
210
1.0
220
6.062644881861810E-16
230
0.0
100
AcDbArc
 50
270.0
 51
0.0
  0
ARC
  5
176
330
1F
100
AcDbEntity
  8
Sketch 08
100
AcDbCircle
 10
49.43999999999975
 20
-21.00000000000002
 30
317.4999999999978
 40
4.0
210
1.0
220
6.062644881861810E-16
230
0.0
100
AcDbArc
 50
270.0
 51
0.0
  0
ARC
  5
177
330
1F
100
AcDbEntity
  8
Sketch 08
100
AcDbCircle
 10
49.43999999999975
 20
55.99999999999999
 30
317.4999999999978
 40
3.999999999999996
210
1.0
220
6.062644881861810E-16
230
0.0
100
AcDbArc
 50
0.0
 51
90.0
  0
ARC
  5
178
330
1F
100
AcDbEntity
  8
Sketch 08
100
AcDbCircle
 10
-140.5300000000002
 20
55.99999999999999
 30
317.4999999999978
 40
4.000000000000004
210
1.0
220
6.062644881861810E-16
230
0.0
100
AcDbArc
 50
89.9999999999992
 51
180.0
  0
ARC
  5
179
330
1F
100
AcDbEntity
  8
Sketch 08
100
AcDbCircle
 10
-146.5300000000002
 20
2.000000000000002
 30
317.4999999999978
 40
2.0
210
1.0
220
6.062644881861810E-16
230
0.0
100
AcDbArc
 50
270.0
 51
0.0
  0
ARC
  5
17A
330
1F
100
AcDbEntity
  8
Sketch 08
100
AcDbCircle
 10
-472.4099999999993
 20
-4.000000000000001
 30
317.4999999999978
 40
3.999999999999999
210
1.0
220
6.062644881861810E-16
230
0.0
100
AcDbArc
 50
90.0
 51
180.0
  0
ARC
  5
17B
330
1F
100
AcDbEntity
  8
Sketch 08
100
AcDbCircle
 10
-472.4099999999993
 20
-21.0
 30
317.4999999999978
 40
4.000000000000004
210
1.0
220
6.062644881861810E-16
230
0.0
100
AcDbArc
 50
180.0
 51
270.0
  0
ARC
  5
17C
330
1F
100
AcDbEntity
  8
Sketch 08
100
AcDbCircle
 10
-127.5300000000002
 20
2.000000000000008
 30
317.4999999999978
 40
2.000000000000002
210
1.0
220
6.062644881861810E-16
230
0.0
100
AcDbArc
 50
180.0
 51
270.0
  0
ARC
  5
17D
330
1F
100
AcDbEntity
  8
Sketch 08
100
AcDbCircle
 10
-121.4350000000003
 20
19.99999999999999
 30
317.4999999999978
 40
4.0
210
1.0
220
6.062644881861810E-16
230
0.0
100
AcDbArc
 50
270.0
 51
0.0
  0
ARC
  5
17E
330
1F
100
AcDbEntity
  8
Sketch 08
100
AcDbCircle
 10
-121.4350000000003
 20
25.0
 30
317.4999999999978
 40
4.000000000000004
210
1.0
220
6.062644881861810E-16
230
0.0
100
AcDbArc
 50
0.0
 51
90.0
  0
ARC
  5
17F
330
1F
100
AcDbEntity
  8
Sketch 08
100
AcDbCircle
 10
-127.5300000000002
 20
42.99999999999999
 30
317.4999999999978
 40
2.000000000000002
210
1.0
220
6.062644881861810E-16
230
0.0
100
AcDbArc
 50
90.0
 51
180.0
  0
ARC
  5
180
330
1F
100
AcDbEntity
  8
Sketch 08
100
AcDbCircle
 10
-86.5300000000002
 20
42.99999999999999
 30
317.4999999999978
 40
2.000000000000002
210
1.0
220
6.062644881861810E-16
230
0.0
100
AcDbArc
 50
0.0
 51
90.0
  0
ARC
  5
181
330
1F
100
AcDbEntity
  8
Sketch 08
100
AcDbCircle
 10
-92.62500000000016
 20
25.00000000000001
 30
317.4999999999978
 40
4.0
210
1.0
220
6.062644881861810E-16
230
0.0
100
AcDbArc
 50
90.0
 51
180.0
  0
ARC
  5
182
330
1F
100
AcDbEntity
  8
Sketch 08
100
AcDbCircle
 10
-92.62500000000016
 20
20.00000000000001
 30
317.4999999999978
 40
4.000000000000004
210
1.0
220
6.062644881861810E-16
230
0.0
100
AcDbArc
 50
180.0
 51
270.0
  0
ARC
  5
183
330
1F
100
AcDbEntity
  8
Sketch 08
100
AcDbCircle
 10
-86.5300000000002
 20
2.000000000000008
 30
317.4999999999978
 40
2.0
210
1.0
220
6.062644881861810E-16
230
0.0
100
AcDbArc
 50
270.0
 51
0.0
  0
ARC
  5
184
330
1F
100
AcDbEntity
  8
Sketch 08
100
AcDbCircle
 10
-221.5000000000003
 20
-189.3413259206695
 30
317.4999999999978
 40
1.999999999999987
210
1.0
220
6.062644881861810E-16
230
0.0
100
AcDbArc
 50
214.5085229876693
 51
0.0001117688309604
  0
ARC
  5
185
330
1F
100
AcDbEntity
  8
Sketch 08
100
AcDbCircle
 10
-246.5052865704609
 20
-152.9699999999995
 30
317.4999999999978
 40
2.000000000000003
210
1.0
220
6.062644881861810E-16
230
0.0
100
AcDbArc
 50
145.4914770123301
 51
214.5085229876671
  0
ARC
  5
186
330
1F
100
AcDbEntity
  8
Sketch 08
100
AcDbCircle
 10
-221.5000000000003
 20
-116.5986740793302
 30
317.4999999999978
 40
2.000000000000012
210
1.0
220
6.062644881861810E-16
230
0.0
100
AcDbArc
 50
359.9998881126139
 51
145.4914770123312
  0
ARC
  5
187
330
1F
100
AcDbEntity
  8
Sketch 08
100
AcDbCircle
 10
-288.5000000000003
 20
-116.5986740793297
 30
317.4999999999978
 40
2.000000000000002
210
1.0
220
6.062644881861810E-16
230
0.0
100
AcDbArc
 50
34.50852298766709
 51
180.000111826116
  0
ARC
  5
188
330
1F
100
AcDbEntity
  8
Sketch 08
100
AcDbCircle
 10
-263.49471342954
 20
-152.9699999999994
 30
317.4999999999978
 40
2.000000000000017
210
1.0
220
6.062644881861810E-16
230
0.0
100
AcDbArc
 50
325.4914770123322
 51
34.50852298766993
  0
ARC
  5
189
330
1F
100
AcDbEntity
  8
Sketch 08
100
AcDbCircle
 10
-288.5000000000008
 20
-189.3413259206691
 30
317.4999999999978
 40
1.999999999999981
210
1.0
220
6.062644881861810E-16
230
0.0
100
AcDbArc
 50
179.9998881738665
 51
325.49147701233
  0
ARC
  5
18A
330
1F
100
AcDbEntity
  8
Sketch 08
100
AcDbCircle
 10
-255.0000000000005
 20
-165.3259468066024
 30
317.4999999999978
 40
2.000000000000017
210
1.0
220
6.062644881861810E-16
230
0.0
100
AcDbArc
 50
34.50852298766775
 51
145.4914770123323
  0
ARC
  5
18B
330
1F
100
AcDbEntity
  8
Sketch 08
100
AcDbCircle
 10
-237.3697134295399
 20
-190.9699999999997
 30
317.4999999999978
 40
2.000000000000002
210
1.0
220
6.062644881861810E-16
230
0.0
100
AcDbArc
 50
269.9999999999992
 51
34.50852298766815
  0
ARC
  5
18C
330
1F
100
AcDbEntity
  8
Sketch 08
100
AcDbCircle
 10
-272.6302865704613
 20
-190.9699999999995
 30
317.4999999999978
 40
1.999999999999987
210
1.0
220
6.062644881861810E-16
230
0.0
100
AcDbArc
 50
145.4914770123307
 51
270.0000000000001
  0
ARC
  5
18D
330
1F
100
AcDbEntity
  8
Sketch 08
100
AcDbCircle
 10
-272.6302865704607
 20
-114.9699999999995
 30
317.4999999999978
 40
2.000000000000002
210
1.0
220
6.062644881861810E-16
230
0.0
100
AcDbArc
 50
90.0
 51
214.5085229876674
  0
ARC
  5
18E
330
1F
100
AcDbEntity
  8
Sketch 08
100
AcDbCircle
 10
-237.3697134295399
 20
-114.9699999999998
 30
317.4999999999978
 40
1.999999999999994
210
1.0
220
6.062644881861810E-16
230
0.0
100
AcDbArc
 50
325.4914770123318
 51
90.00000000000001
  0
ARC
  5
18F
330
1F
100
AcDbEntity
  8
Sketch 08
100
AcDbCircle
 10
-255.0000000000004
 20
-140.6140531933965
 30
317.4999999999978
 40
1.999999999999986
210
1.0
220
6.062644881861810E-16
230
0.0
100
AcDbArc
 50
214.5085229876665
 51
325.4914770123301
  0
ARC
  5
190
330
1F
100
AcDbEntity
  8
Sketch 08
100
AcDbCircle
 10
-337.5799999999992
 20
-49.07868606332109
 30
317.4999999999978
 40
2.000000000000002
210
1.0
220
6.062644881861810E-16
230
0.0
100
AcDbArc
 50
180.0
 51
270.0
  0
ARC
  5
191
330
1F
100
AcDbEntity
  8
Sketch 08
100
AcDbCircle
 10
-337.5799999999992
 20
-46.07868606332109
 30
317.4999999999978
 40
2.000000000000002
210
1.0
220
6.062644881861810E-16
230
0.0
100
AcDbArc
 50
90.0
 51
180.0
  0
CIRCLE
  5
192
330
1F
100
AcDbEntity
  8
Sketch 08
100
AcDbCircle
 10
-447.9324999999992
 20
-12.50000000000001
 30
317.4999999999978
 40
2.625000000000002
210
1.0
220
6.062644881861810E-16
230
0.0
  0
CIRCLE
  5
193
330
1F
100
AcDbEntity
  8
Sketch 08
100
AcDbCircle
 10
-466.9174999999993
 20
-12.50000000000001
 30
317.4999999999978
 40
2.625
210
1.0
220
6.062644881861810E-16
230
0.0
  0
CIRCLE
  5
194
330
1F
100
AcDbEntity
  8
Sketch 08
100
AcDbCircle
 10
41.91749999999976
 20
-12.50000000000003
 30
317.4999999999978
 40
2.625000000000002
210
1.0
220
6.062644881861810E-16
230
0.0
  0
CIRCLE
  5
195
330
1F
100
AcDbEntity
  8
Sketch 08
100
AcDbCircle
 10
22.93249999999973
 20
-12.50000000000003
 30
317.4999999999978
 40
2.625
210
1.0
220
6.062644881861810E-16
230
0.0
  0
CIRCLE
  5
196
330
1F
100
AcDbEntity
  8
Sketch 08
100
AcDbCircle
 10
-295.5000000000009
 20
-197.9699999999994
 30
317.4999999999978
 40
1.550000000000003
210
1.0
220
6.062644881861810E-16
230
0.0
  0
CIRCLE
  5
197
330
1F
100
AcDbEntity
  8
Sketch 08
100
AcDbCircle
 10
-214.5000000000004
 20
-197.9699999999999
 30
317.4999999999978
 40
1.550000000000002
210
1.0
220
6.062644881861810E-16
230
0.0
  0
CIRCLE
  5
198
330
1F
100
AcDbEntity
  8
Sketch 08
100
AcDbCircle
 10
-214.4999999999997
 20
-102.97
 30
317.4999999999978
 40
1.549999999999989
210
1.0
220
6.062644881861810E-16
230
0.0
  0
CIRCLE
  5
199
330
1F
100
AcDbEntity
  8
Sketch 08
100
AcDbCircle
 10
-295.5000000000003
 20
-102.9699999999994
 30
317.4999999999978
 40
1.55
210
1.0
220
6.062644881861810E-16
230
0.0
  0
ENDSEC
  0
SECTION
  2
OBJECTS
  0
DICTIONARY
  5
C
330
0
100
AcDbDictionary
281
     1
  3
ACAD_DETAILVIEWSTYLE
350
1D1
  3
ACAD_GROUP
350
D
  3
ACAD_LAYOUT
350
1A
  3
ACAD_MATERIAL
350
43
  3
ACAD_MLEADERSTYLE
350
5B
  3
ACAD_MLINESTYLE
350
17
  3
ACAD_PLOTSETTINGS
350
19
  3
ACAD_PLOTSTYLENAME
350
E
  3
ACAD_SCALELIST
350
47
  3
ACAD_SECTIONVIEWSTYLE
350
1D2
  3
ACAD_TABLESTYLE
350
59
  3
ACAD_VISUALSTYLE
350
2A
  3
AcDbVariableDictionary
350
19A
  3
ACDB_RECOMPOSE_DATA
350
1CE
  0
SUN
  5
5D
330
29
100
AcDbSun
 90
        1
290
     0
 63
     7
421
 16777215
 40
1.0
291
     1
 91
  2455826
 92
 54000000
292
     0
 70
     2
 71
   256
280
     1
  0
DICTIONARY
  5
1D1
102
{ACAD_REACTORS
330
C
102
}
330
C
100
AcDbDictionary
281
     1
  0
DICTIONARY
  5
D
102
{ACAD_REACTORS
330
C
102
}
330
C
100
AcDbDictionary
281
     1
  0
DICTIONARY
  5
1A
102
{ACAD_REACTORS
330
C
102
}
330
C
100
AcDbDictionary
281
     1
  3
Layout1
350
1E
  3
Layout2
350
26
  3
Model
350
22
  0
DICTIONARY
  5
43
102
{ACAD_REACTORS
330
C
102
}
330
C
100
AcDbDictionary
281
     1
  3
ByBlock
350
45
  3
ByLayer
350
44
  3
Global
350
46
  0
DICTIONARY
  5
5B
102
{ACAD_REACTORS
330
C
102
}
330
C
100
AcDbDictionary
281
     1
  3
Standard
350
5C
  0
DICTIONARY
  5
17
102
{ACAD_REACTORS
330
C
102
}
330
C
100
AcDbDictionary
281
     1
  3
Standard
350
18
  0
DICTIONARY
  5
19
102
{ACAD_REACTORS
330
C
102
}
330
C
100
AcDbDictionary
281
     1
  0
ACDBDICTIONARYWDFLT
  5
E
102
{ACAD_REACTORS
330
C
102
}
330
C
100
AcDbDictionary
281
     1
  3
Normal
350
F
100
AcDbDictionaryWithDefault
340
F
  0
DICTIONARY
  5
47
102
{ACAD_REACTORS
330
C
102
}
330
C
100
AcDbDictionary
281
     1
  3
A0
350
48
  3
A1
350
49
  3
A2
350
4A
  3
A3
350
4B
  3
A4
350
4C
  3
A5
350
4D
  3
A6
350
4E
  3
A7
350
4F
  3
A8
350
50
  3
A9
350
51
  3
B0
350
52
  3
B1
350
53
  3
B2
350
54
  3
B3
350
55
  3
B4
350
56
  3
B5
350
57
  3
B6
350
58
  0
DICTIONARY
  5
1D2
102
{ACAD_REACTORS
330
C
102
}
330
C
100
AcDbDictionary
281
     1
  0
DICTIONARY
  5
59
102
{ACAD_REACTORS
330
C
102
}
330
C
100
AcDbDictionary
281
     1
  3
Standard
350
5A
  0
DICTIONARY
  5
2A
102
{ACAD_REACTORS
330
C
102
}
330
C
100
AcDbDictionary
281
     1
  3
2dWireframe
350
2F
  3
Basic
350
32
  3
Brighten
350
36
  3
ColorChange
350
3A
  3
Conceptual
350
34
  3
Dim
350
35
  3
EdgeColorOff
350
3D
  3
Facepattern
350
39
  3
Flat
350
2B
  3
FlatWithEdges
350
2C
  3
Gouraud
350
2D
  3
GouraudWithEdges
350
2E
  3
Hidden
350
31
  3
JitterOff
350
3B
  3
Linepattern
350
38
  3
OverhangOff
350
3C
  3
Realistic
350
33
  3
Shaded
350
42
  3
Shaded with edges
350
41
  3
Shades of Gray
350
3E
  3
Sketchy
350
3F
  3
Thicken
350
37
  3
Wireframe
350
30
  3
X-Ray
350
40
  0
DICTIONARY
  5
19A
102
{ACAD_REACTORS
330
C
102
}
330
C
100
AcDbDictionary
281
     1
  3
CANNOSCALE
350
19B
  3
CENTEREXE
350
1D3
  3
CENTERLTYPEFILE
350
1D4
  3
CMLEADERSTYLE
350
1D0
  3
CTABLESTYLE
350
1CF
  0
XRECORD
  5
1CE
102
{ACAD_REACTORS
330
C
102
}
330
C
100
AcDbXrecord
280
     1
 90
        1
330
5A
  0
LAYOUT
  5
1E
102
{ACAD_REACTORS
330
1A
102
}
330
1A
100
AcDbPlotSettings
  1

  2
none_device
  4

  6

 40
0.0
 41
0.0
 42
0.0
 43
0.0
 44
0.0
 45
0.0
 46
0.0
 47
0.0
 48
0.0
 49
0.0
140
0.0
141
0.0
142
1.0
143
1.0
 70
   688
 72
     1
 73
     0
 74
     5
  7

 75
    16
 76
     0
 77
     2
 78
   300
147
1.0
148
0.0
149
0.0
100
AcDbLayout
  1
Layout1
 70
     1
 71
     1
 10
0.0
 20
0.0
 11
420.0
 21
297.0
 12
0.0
 22
0.0
 32
0.0
 14
1.000000000000000E+20
 24
1.000000000000000E+20
 34
1.000000000000000E+20
 15
-1.000000000000000E+20
 25
-1.000000000000000E+20
 35
-1.000000000000000E+20
146
0.0
 13
0.0
 23
0.0
 33
0.0
 16
1.0
 26
0.0
 36
0.0
 17
0.0
 27
1.0
 37
0.0
 76
     0
330
1B
  0
LAYOUT
  5
26
102
{ACAD_REACTORS
330
1A
102
}
330
1A
100
AcDbPlotSettings
  1

  2
none_device
  4

  6

 40
0.0
 41
0.0
 42
0.0
 43
0.0
 44
0.0
 45
0.0
 46
0.0
 47
0.0
 48
0.0
 49
0.0
140
0.0
141
0.0
142
1.0
143
1.0
 70
   688
 72
     1
 73
     0
 74
     5
  7

 75
    16
 76
     0
 77
     2
 78
   300
147
1.0
148
0.0
149
0.0
100
AcDbLayout
  1
Layout2
 70
     1
 71
     2
 10
0.0
 20
0.0
 11
0.0
 21
0.0
 12
0.0
 22
0.0
 32
0.0
 14
0.0
 24
0.0
 34
0.0
 15
0.0
 25
0.0
 35
0.0
146
0.0
 13
0.0
 23
0.0
 33
0.0
 16
1.0
 26
0.0
 36
0.0
 17
0.0
 27
1.0
 37
0.0
 76
     0
330
23
  0
LAYOUT
  5
22
102
{ACAD_REACTORS
330
1A
102
}
330
1A
100
AcDbPlotSettings
  1

  2
none_device
  4
Letter_(8.50_x_11.00_Inches)
  6

 40
6.35
 41
6.35
 42
6.35000508
 43
6.35000508
 44
215.9
 45
279.4
 46
0.0
 47
0.0
 48
0.0
 49
0.0
140
0.0
141
0.0
142
1.0
143
1.0
 70
  1712
 72
     1
 73
     0
 74
     0
  7

 75
     0
 76
     0
 77
     2
 78
   300
147
1.0
148
0.0
149
0.0
100
AcDbLayout
  1
Model
 70
     1
 71
     0
 10
0.0
 20
0.0
 11
420.0
 21
297.0
 12
0.0
 22
0.0
 32
0.0
 14
1.000000000000000E+20
 24
1.000000000000000E+20
 34
1.000000000000000E+20
 15
-1.000000000000000E+20
 25
-1.000000000000000E+20
 35
-1.000000000000000E+20
146
0.0
 13
0.0
 23
0.0
 33
0.0
 16
1.0
 26
0.0
 36
0.0
 17
0.0
 27
1.0
 37
0.0
 76
     0
330
1F
331
29
  0
MATERIAL
  5
45
102
{ACAD_REACTORS
330
43
102
}
330
43
100
AcDbMaterial
  1
ByBlock
 72
     1
 94
      127
  0
MATERIAL
  5
44
102
{ACAD_REACTORS
330
43
102
}
330
43
100
AcDbMaterial
  1
ByLayer
 72
     1
 94
      127
  0
MATERIAL
  5
46
102
{ACAD_REACTORS
330
43
102
}
330
43
100
AcDbMaterial
  1
Global
 72
     1
 94
      127
  0
MLEADERSTYLE
  5
5C
102
{ACAD_REACTORS
330
5B
102
}
330
5B
100
AcDbMLeaderStyle
179
     2
170
     2
171
     1
172
     0
 90
        2
 40
0.0
 41
0.0
173
     1
 91
-1056964608
340
14
 92
       -2
290
     1
 42
2.0
291
     1
 43
8.0
  3
Standard
341
0
 44
4.0
300

342
11
174
     1
178
     6
175
     1
176
     0
 93
-1056964608
 45
4.0
292
     0
297
     0
 46
4.0
343
0
 94
-1056964608
 47
1.0
 49
1.0
140
1.0
293
     1
141
0.0
294
     1
177
     0
142
1.0
295
     0
296
     0
143
3.75
271
     0
272
     9
273
     9
  0
MLINESTYLE
  5
18
102
{ACAD_REACTORS
330
17
102
}
330
17
100
AcDbMlineStyle
  2
Standard
 70
     0
  3

 62
   256
 51
90.0
 52
90.0
 71
     2
 49
0.5
 62
   256
  6
BYLAYER
 49
-0.5
 62
   256
  6
BYLAYER
  0
ACDBPLACEHOLDER
  5
F
102
{ACAD_REACTORS
330
E
102
}
330
E
  0
SCALE
  5
48
102
{ACAD_REACTORS
330
47
102
}
330
47
100
AcDbScale
 70
     0
300
1:1
140
1.0
141
1.0
290
     1
  0
SCALE
  5
49
102
{ACAD_REACTORS
330
47
102
}
330
47
100
AcDbScale
 70
     0
300
1:2
140
1.0
141
2.0
290
     0
  0
SCALE
  5
4A
102
{ACAD_REACTORS
330
47
102
}
330
47
100
AcDbScale
 70
     0
300
1:4
140
1.0
141
4.0
290
     0
  0
SCALE
  5
4B
102
{ACAD_REACTORS
330
47
102
}
330
47
100
AcDbScale
 70
     0
300
1:5
140
1.0
141
5.0
290
     0
  0
SCALE
  5
4C
102
{ACAD_REACTORS
330
47
102
}
330
47
100
AcDbScale
 70
     0
300
1:8
140
1.0
141
8.0
290
     0
  0
SCALE
  5
4D
102
{ACAD_REACTORS
330
47
102
}
330
47
100
AcDbScale
 70
     0
300
1:10
140
1.0
141
10.0
290
     0
  0
SCALE
  5
4E
102
{ACAD_REACTORS
330
47
102
}
330
47
100
AcDbScale
 70
     0
300
1:16
140
1.0
141
16.0
290
     0
  0
SCALE
  5
4F
102
{ACAD_REACTORS
330
47
102
}
330
47
100
AcDbScale
 70
     0
300
1:20
140
1.0
141
20.0
290
     0
  0
SCALE
  5
50
102
{ACAD_REACTORS
330
47
102
}
330
47
100
AcDbScale
 70
     0
300
1:30
140
1.0
141
30.0
290
     0
  0
SCALE
  5
51
102
{ACAD_REACTORS
330
47
102
}
330
47
100
AcDbScale
 70
     0
300
1:40
140
1.0
141
40.0
290
     0
  0
SCALE
  5
52
102
{ACAD_REACTORS
330
47
102
}
330
47
100
AcDbScale
 70
     0
300
1:50
140
1.0
141
50.0
290
     0
  0
SCALE
  5
53
102
{ACAD_REACTORS
330
47
102
}
330
47
100
AcDbScale
 70
     0
300
1:100
140
1.0
141
100.0
290
     0
  0
SCALE
  5
54
102
{ACAD_REACTORS
330
47
102
}
330
47
100
AcDbScale
 70
     0
300
2:1
140
2.0
141
1.0
290
     0
  0
SCALE
  5
55
102
{ACAD_REACTORS
330
47
102
}
330
47
100
AcDbScale
 70
     0
300
4:1
140
4.0
141
1.0
290
     0
  0
SCALE
  5
56
102
{ACAD_REACTORS
330
47
102
}
330
47
100
AcDbScale
 70
     0
300
8:1
140
8.0
141
1.0
290
     0
  0
SCALE
  5
57
102
{ACAD_REACTORS
330
47
102
}
330
47
100
AcDbScale
 70
     0
300
10:1
140
10.0
141
1.0
290
     0
  0
SCALE
  5
58
102
{ACAD_REACTORS
330
47
102
}
330
47
100
AcDbScale
 70
     0
300
100:1
140
100.0
141
1.0
290
     0
  0
TABLESTYLE
  5
5A
102
{ACAD_REACTORS
330
59
102
}
102
{ACAD_XDICTIONARY
360
1CC
102
}
330
59
100
AcDbTableStyle
  3
Standard
 70
     0
 71
     0
 40
0.06
 41
0.06
280
     0
281
     0
  7
Standard
140
4.5
170
     2
 62
     0
 63
   257
283
     0
 90
        4
 91
        0
  1

274
    -2
284
     1
 64
     0
275
    -2
285
     1
 65
     0
276
    -2
286
     1
 66
     0
277
    -2
287
     1
 67
     0
278
    -2
288
     1
 68
     0
279
    -2
289
     1
 69
     0
  7
Standard
140
6.0
170
     5
 62
     0
 63
   257
283
     0
 90
        4
 91
        0
  1

274
    -2
284
     1
 64
     0
275
    -2
285
     1
 65
     0
276
    -2
286
     1
 66
     0
277
    -2
287
     1
 67
     0
278
    -2
288
     1
 68
     0
279
    -2
289
     1
 69
     0
  7
Standard
140
4.5
170
     5
 62
     0
 63
   257
283
     0
 90
        4
 91
        0
  1

274
    -2
284
     1
 64
     0
275
    -2
285
     1
 65
     0
276
    -2
286
     1
 66
     0
277
    -2
287
     1
 67
     0
278
    -2
288
     1
 68
     0
279
    -2
289
     1
 69
     0
  0
VISUALSTYLE
  5
2F
102
{ACAD_REACTORS
330
2A
102
}
102
{ACAD_XDICTIONARY
360
1A4
102
}
330
2A
100
AcDbVisualStyle
  2
2dWireframe
 70
     4
177
     2
291
     0
 71
     0
176
     1
 72
     2
176
     1
 73
     0
176
     1
 90
        0
176
     1
 40
0.6
176
     1
 41
30.0
176
     1
 62
     5
 63
     7
421
 16777215
176
     1
 74
     1
176
     1
 91
        4
176
     1
 64
     7
176
     1
 65
   257
176
     1
 75
     1
176
     1
175
     1
176
     1
 42
1.0
176
     1
 92
        0
176
     1
 66
   257
176
     1
 43
1.0
176
     1
 76
     1
176
     1
 77
     6
176
     1
 78
     2
176
     1
 67
     7
176
     1
 79
     5
176
     1
170
     0
176
     1
171
     0
176
     1
290
     0
176
     1
 93
        1
176
     1
 44
0.0
176
     1
173
     0
176
     1
  0
VISUALSTYLE
  5
32
102
{ACAD_REACTORS
330
2A
102
}
102
{ACAD_XDICTIONARY
360
1AA
102
}
330
2A
100
AcDbVisualStyle
  2
Basic
 70
     7
177
     2
291
     1
 71
     1
176
     1
 72
     0
176
     1
 73
     1
176
     1
 90
        0
176
     1
 40
0.6
176
     1
 41
30.0
176
     1
 62
     5
 63
     7
421
 16777215
176
     1
 74
     0
176
     1
 91
        4
176
     1
 64
     7
176
     1
 65
   257
176
     1
 75
     1
176
     1
175
     1
176
     1
 42
1.0
176
     1
 92
        8
176
     1
 66
     7
176
     1
 43
1.0
176
     1
 76
     1
176
     1
 77
     6
176
     1
 78
     2
176
     1
 67
     7
176
     1
 79
     5
176
     1
170
     0
176
     1
171
     0
176
     1
290
     0
176
     1
 93
        1
176
     1
 44
0.0
176
     1
173
     0
176
     1
  0
VISUALSTYLE
  5
36
102
{ACAD_REACTORS
330
2A
102
}
102
{ACAD_XDICTIONARY
360
1B2
102
}
330
2A
100
AcDbVisualStyle
  2
Brighten
 70
    12
177
     2
291
     1
 71
     2
176
     1
 72
     2
176
     1
 73
     0
176
     1
 90
        0
176
     1
 40
0.6
176
     1
 41
30.0
176
     1
 62
     5
 63
     7
421
 16777215
176
     1
 74
     1
176
     1
 91
        4
176
     1
 64
     7
176
     1
 65
   257
176
     1
 75
     1
176
     1
175
     1
176
     1
 42
1.0
176
     1
 92
        8
176
     1
 66
     7
176
     1
 43
1.0
176
     1
 76
     1
176
     1
 77
     6
176
     1
 78
     2
176
     1
 67
     7
176
     1
 79
     5
176
     1
170
     0
176
     1
171
     0
176
     1
290
     0
176
     1
 93
        1
176
     1
 44
50.0
176
     1
173
     0
176
     1
  0
VISUALSTYLE
  5
3A
102
{ACAD_REACTORS
330
2A
102
}
102
{ACAD_XDICTIONARY
360
1BA
102
}
330
2A
100
AcDbVisualStyle
  2
ColorChange
 70
    16
177
     2
291
     1
 71
     2
176
     1
 72
     2
176
     1
 73
     3
176
     1
 90
        0
176
     1
 40
0.6
176
     1
 41
30.0
176
     1
 62
     5
 63
     8
421
  8421504
176
     1
 74
     1
176
     1
 91
        4
176
     1
 64
     7
176
     1
 65
   257
176
     1
 75
     1
176
     1
175
     1
176
     1
 42
1.0
176
     1
 92
        8
176
     1
 66
     8
424
  8421504
176
     1
 43
1.0
176
     1
 76
     1
176
     1
 77
     6
176
     1
 78
     2
176
     1
 67
     7
176
     1
 79
     5
176
     1
170
     0
176
     1
171
     0
176
     1
290
     0
176
     1
 93
        1
176
     1
 44
0.0
176
     1
173
     0
176
     1
  0
VISUALSTYLE
  5
34
102
{ACAD_REACTORS
330
2A
102
}
102
{ACAD_XDICTIONARY
360
1AE
102
}
330
2A
100
AcDbVisualStyle
  2
Conceptual
 70
     9
177
     2
291
     0
 71
     3
176
     1
 72
     2
176
     1
 73
     0
176
     1
 90
        0
176
     1
 40
0.6
176
     1
 41
30.0
176
     1
 62
     5
 63
     7
421
 16777215
176
     1
 74
     2
176
     1
 91
        2
176
     1
 64
     7
176
     1
 65
   257
176
     1
 75
     1
176
     1
175
     1
176
     1
 42
179.0
176
     1
 92
        8
176
     1
 66
     7
176
     1
 43
1.0
176
     1
 76
     1
176
     1
 77
     6
176
     1
 78
     2
176
     1
 67
     7
176
     1
 79
     3
176
     1
170
     0
176
     1
171
     0
176
     1
290
     0
176
     1
 93
        1
176
     1
 44
0.0
176
     1
173
     0
176
     1
  0
VISUALSTYLE
  5
35
102
{ACAD_REACTORS
330
2A
102
}
102
{ACAD_XDICTIONARY
360
1B0
102
}
330
2A
100
AcDbVisualStyle
  2
Dim
 70
    11
177
     2
291
     1
 71
     2
176
     1
 72
     2
176
     1
 73
     0
176
     1
 90
        0
176
     1
 40
0.6
176
     1
 41
30.0
176
     1
 62
     5
 63
     7
421
 16777215
176
     1
 74
     1
176
     1
 91
        4
176
     1
 64
     7
176
     1
 65
   257
176
     1
 75
     1
176
     1
175
     1
176
     1
 42
1.0
176
     1
 92
        8
176
     1
 66
     7
176
     1
 43
1.0
176
     1
 76
     1
176
     1
 77
     6
176
     1
 78
     2
176
     1
 67
     7
176
     1
 79
     5
176
     1
170
     0
176
     1
171
     0
176
     1
290
     0
176
     1
 93
        1
176
     1
 44
-50.0
176
     1
173
     0
176
     1
  0
VISUALSTYLE
  5
3D
102
{ACAD_REACTORS
330
2A
102
}
102
{ACAD_XDICTIONARY
360
1C0
102
}
330
2A
100
AcDbVisualStyle
  2
EdgeColorOff
 70
    22
177
     2
291
     1
 71
     2
176
     0
 72
     2
176
     0
 73
     0
176
     0
 90
        0
176
     0
 40
0.6
176
     0
 41
30.0
176
     0
 62
     5
 63
     7
421
 16777215
176
     0
 74
     1
176
     0
 91
        4
176
     0
 64
     7
176
     0
 65
   257
176
     0
 75
     1
176
     0
175
     1
176
     0
 42
1.0
176
     0
 92
        8
176
     2
 66
     7
176
     0
 43
1.0
176
     0
 76
     1
176
     0
 77
     6
176
     0
 78
     2
176
     0
 67
     7
176
     0
 79
     5
176
     0
170
     0
176
     0
171
     0
176
     0
290
     0
176
     0
 93
        1
176
     0
 44
0.0
176
     0
173
     0
176
     0
  0
VISUALSTYLE
  5
39
102
{ACAD_REACTORS
330
2A
102
}
102
{ACAD_XDICTIONARY
360
1B8
102
}
330
2A
100
AcDbVisualStyle
  2
Facepattern
 70
    15
177
     2
291
     1
 71
     2
176
     1
 72
     2
176
     1
 73
     0
176
     1
 90
        0
176
     1
 40
0.6
176
     1
 41
30.0
176
     1
 62
     5
 63
     7
421
 16777215
176
     1
 74
     1
176
     1
 91
        4
176
     1
 64
     7
176
     1
 65
   257
176
     1
 75
     1
176
     1
175
     1
176
     1
 42
1.0
176
     1
 92
        8
176
     1
 66
     7
176
     1
 43
1.0
176
     1
 76
     1
176
     1
 77
     6
176
     1
 78
     2
176
     1
 67
     7
176
     1
 79
     5
176
     1
170
     0
176
     1
171
     0
176
     1
290
     0
176
     1
 93
        1
176
     1
 44
0.0
176
     1
173
     0
176
     1
  0
VISUALSTYLE
  5
2B
102
{ACAD_REACTORS
330
2A
102
}
102
{ACAD_XDICTIONARY
360
19C
102
}
330
2A
100
AcDbVisualStyle
  2
Flat
 70
     0
177
     2
291
     1
 71
     2
176
     1
 72
     1
176
     1
 73
     1
176
     1
 90
        2
176
     1
 40
0.6
176
     1
 41
30.0
176
     1
 62
     5
 63
     7
421
 16777215
176
     1
 74
     0
176
     1
 91
        0
176
     1
 64
     7
176
     1
 65
   257
176
     1
 75
     1
176
     1
175
     1
176
     1
 42
1.0
176
     1
 92
        8
176
     1
 66
     7
176
     1
 43
1.0
176
     1
 76
     1
176
     1
 77
     6
176
     1
 78
     2
176
     1
 67
     7
176
     1
 79
     5
176
     1
170
     0
176
     1
171
     0
176
     1
290
     0
176
     1
 93
       13
176
     1
 44
0.0
176
     1
173
     0
176
     1
  0
VISUALSTYLE
  5
2C
102
{ACAD_REACTORS
330
2A
102
}
102
{ACAD_XDICTIONARY
360
19E
102
}
330
2A
100
AcDbVisualStyle
  2
FlatWithEdges
 70
     1
177
     2
291
     1
 71
     2
176
     1
 72
     1
176
     1
 73
     1
176
     1
 90
        2
176
     1
 40
0.6
176
     1
 41
30.0
176
     1
 62
     5
 63
     7
421
 16777215
176
     1
 74
     1
176
     1
 91
        0
176
     1
 64
     7
176
     1
 65
   257
176
     1
 75
     1
176
     1
175
     1
176
     1
 42
1.0
176
     1
 92
        0
176
     1
 66
   257
176
     1
 43
1.0
176
     1
 76
     1
176
     1
 77
     6
176
     1
 78
     2
176
     1
 67
     7
176
     1
 79
     5
176
     1
170
     0
176
     1
171
     0
176
     1
290
     0
176
     1
 93
       13
176
     1
 44
0.0
176
     1
173
     0
176
     1
  0
VISUALSTYLE
  5
2D
102
{ACAD_REACTORS
330
2A
102
}
102
{ACAD_XDICTIONARY
360
1A0
102
}
330
2A
100
AcDbVisualStyle
  2
Gouraud
 70
     2
177
     2
291
     1
 71
     2
176
     1
 72
     2
176
     1
 73
     1
176
     1
 90
        2
176
     1
 40
0.6
176
     1
 41
30.0
176
     1
 62
     5
 63
     7
421
 16777215
176
     1
 74
     0
176
     1
 91
        0
176
     1
 64
     7
176
     1
 65
   257
176
     1
 75
     1
176
     1
175
     1
176
     1
 42
1.0
176
     1
 92
        0
176
     1
 66
     7
176
     1
 43
1.0
176
     1
 76
     1
176
     1
 77
     6
176
     1
 78
     2
176
     1
 67
     7
176
     1
 79
     5
176
     1
170
     0
176
     1
171
     0
176
     1
290
     0
176
     1
 93
       13
176
     1
 44
0.0
176
     1
173
     0
176
     1
  0
VISUALSTYLE
  5
2E
102
{ACAD_REACTORS
330
2A
102
}
102
{ACAD_XDICTIONARY
360
1A2
102
}
330
2A
100
AcDbVisualStyle
  2
GouraudWithEdges
 70
     3
177
     2
291
     1
 71
     2
176
     1
 72
     2
176
     1
 73
     1
176
     1
 90
        2
176
     1
 40
0.6
176
     1
 41
30.0
176
     1
 62
     5
 63
     7
421
 16777215
176
     1
 74
     1
176
     1
 91
        0
176
     1
 64
     7
176
     1
 65
   257
176
     1
 75
     1
176
     1
175
     1
176
     1
 42
1.0
176
     1
 92
        0
176
     1
 66
   257
176
     1
 43
1.0
176
     1
 76
     1
176
     1
 77
     6
176
     1
 78
     2
176
     1
 67
     7
176
     1
 79
     5
176
     1
170
     0
176
     1
171
     0
176
     1
290
     0
176
     1
 93
       13
176
     1
 44
0.0
176
     1
173
     0
176
     1
  0
VISUALSTYLE
  5
31
102
{ACAD_REACTORS
330
2A
102
}
102
{ACAD_XDICTIONARY
360
1A8
102
}
330
2A
100
AcDbVisualStyle
  2
Hidden
 70
     6
177
     2
291
     0
 71
     1
176
     1
 72
     2
176
     1
 73
     2
176
     1
 90
        0
176
     1
 40
0.6
176
     1
 41
30.0
176
     1
 62
     5
 63
     7
421
 16777215
176
     1
 74
     2
176
     1
 91
        2
176
     1
 64
     7
176
     1
 65
   257
176
     1
 75
     2
176
     1
175
     1
176
     1
 42
40.0
176
     1
 92
        0
176
     1
 66
   257
176
     1
 43
1.0
176
     1
 76
     1
176
     1
 77
     6
176
     1
 78
     2
176
     1
 67
     7
176
     1
 79
     3
176
     1
170
     0
176
     1
171
     0
176
     1
290
     0
176
     1
 93
        1
176
     1
 44
0.0
176
     1
173
     0
176
     1
  0
VISUALSTYLE
  5
3B
102
{ACAD_REACTORS
330
2A
102
}
102
{ACAD_XDICTIONARY
360
1BC
102
}
330
2A
100
AcDbVisualStyle
  2
JitterOff
 70
    20
177
     2
291
     1
 71
     2
176
     0
 72
     2
176
     0
 73
     0
176
     0
 90
        0
176
     0
 40
0.6
176
     0
 41
30.0
176
     0
 62
     5
 63
     7
421
 16777215
176
     0
 74
     1
176
     0
 91
        4
176
     0
 64
     7
176
     0
 65
   257
176
     0
 75
     1
176
     0
175
     1
176
     0
 42
1.0
176
     0
 92
       10
176
     2
 66
     7
176
     0
 43
1.0
176
     0
 76
     1
176
     0
 77
     6
176
     0
 78
     2
176
     0
 67
     7
176
     0
 79
     5
176
     0
170
     0
176
     0
171
     0
176
     0
290
     0
176
     0
 93
        1
176
     0
 44
0.0
176
     0
173
     0
176
     0
  0
VISUALSTYLE
  5
38
102
{ACAD_REACTORS
330
2A
102
}
102
{ACAD_XDICTIONARY
360
1B6
102
}
330
2A
100
AcDbVisualStyle
  2
Linepattern
 70
    14
177
     2
291
     1
 71
     2
176
     1
 72
     2
176
     1
 73
     0
176
     1
 90
        0
176
     1
 40
0.6
176
     1
 41
30.0
176
     1
 62
     5
 63
     7
421
 16777215
176
     1
 74
     1
176
     1
 91
        4
176
     1
 64
     7
176
     1
 65
   257
176
     1
 75
     7
176
     1
175
     7
176
     1
 42
1.0
176
     1
 92
        8
176
     1
 66
     7
176
     1
 43
1.0
176
     1
 76
     1
176
     1
 77
     6
176
     1
 78
     2
176
     1
 67
     7
176
     1
 79
     5
176
     1
170
     0
176
     1
171
     0
176
     1
290
     0
176
     1
 93
        1
176
     1
 44
0.0
176
     1
173
     0
176
     1
  0
VISUALSTYLE
  5
3C
102
{ACAD_REACTORS
330
2A
102
}
102
{ACAD_XDICTIONARY
360
1BE
102
}
330
2A
100
AcDbVisualStyle
  2
OverhangOff
 70
    21
177
     2
291
     1
 71
     2
176
     0
 72
     2
176
     0
 73
     0
176
     0
 90
        0
176
     0
 40
0.6
176
     0
 41
30.0
176
     0
 62
     5
 63
     7
421
 16777215
176
     0
 74
     1
176
     0
 91
        4
176
     0
 64
     7
176
     0
 65
   257
176
     0
 75
     1
176
     0
175
     1
176
     0
 42
1.0
176
     0
 92
        9
176
     2
 66
     7
176
     0
 43
1.0
176
     0
 76
     1
176
     0
 77
     6
176
     0
 78
     2
176
     0
 67
     7
176
     0
 79
     5
176
     0
170
     0
176
     0
171
     0
176
     0
290
     0
176
     0
 93
        1
176
     0
 44
0.0
176
     0
173
     0
176
     0
  0
VISUALSTYLE
  5
33
102
{ACAD_REACTORS
330
2A
102
}
102
{ACAD_XDICTIONARY
360
1AC
102
}
330
2A
100
AcDbVisualStyle
  2
Realistic
 70
     8
177
     2
291
     0
 71
     2
176
     1
 72
     3
176
     1
 73
     0
176
     1
 90
        2
176
     1
 40
0.6
176
     1
 41
30.0
176
     1
 62
     5
 63
     7
421
 16777215
176
     1
 74
     0
176
     1
 91
        0
176
     1
 64
     7
176
     1
 65
   257
176
     1
 75
     1
176
     1
175
     1
176
     1
 42
1.0
176
     1
 92
        8
176
     1
 66
   257
176
     1
 43
1.0
176
     1
 76
     1
176
     1
 77
     6
176
     1
 78
     2
176
     1
 67
     7
176
     1
 79
     3
176
     1
170
     0
176
     1
171
     0
176
     1
290
     0
176
     1
 93
       13
176
     1
 44
0.0
176
     1
173
     0
176
     1
  0
VISUALSTYLE
  5
42
102
{ACAD_REACTORS
330
2A
102
}
102
{ACAD_XDICTIONARY
360
1CA
102
}
330
2A
100
AcDbVisualStyle
  2
Shaded
 70
    27
177
     2
291
     0
 71
     2
176
     1
 72
     2
176
     1
 73
     1
176
     1
 90
        2
176
     1
 40
0.6
176
     1
 41
30.0
176
     1
 62
     5
 63
     7
421
 16777215
176
     1
 74
     0
176
     1
 91
        4
176
     1
 64
     7
176
     1
 65
   257
176
     1
 75
     1
176
     1
175
     1
176
     1
 42
1.0
176
     1
 92
        8
176
     1
 66
   257
176
     1
 43
1.0
176
     1
 76
     1
176
     1
 77
     6
176
     1
 78
     2
176
     1
 67
     8
425
  7895160
176
     1
 79
     3
176
     1
170
     0
176
     1
171
     0
176
     1
290
     0
176
     1
 93
        5
176
     1
 44
0.0
176
     1
173
     0
176
     1
  0
VISUALSTYLE
  5
41
102
{ACAD_REACTORS
330
2A
102
}
102
{ACAD_XDICTIONARY
360
1C8
102
}
330
2A
100
AcDbVisualStyle
  2
Shaded with edges
 70
    26
177
     2
291
     0
 71
     2
176
     1
 72
     2
176
     1
 73
     1
176
     1
 90
        2
176
     1
 40
0.6
176
     1
 41
30.0
176
     1
 62
     5
 63
     7
421
 16777215
176
     1
 74
     1
176
     1
 91
       10
176
     1
 64
     7
176
     1
 65
   257
176
     1
 75
     2
176
     1
175
     1
176
     1
 42
1.0
176
     1
 92
        8
176
     1
 66
   257
176
     1
 43
1.0
176
     1
 76
     1
176
     1
 77
     6
176
     1
 78
     2
176
     1
 67
     7
176
     1
 79
     3
176
     1
170
     0
176
     1
171
     0
176
     1
290
     0
176
     1
 93
        5
176
     1
 44
0.0
176
     1
173
     0
176
     1
  0
VISUALSTYLE
  5
3E
102
{ACAD_REACTORS
330
2A
102
}
102
{ACAD_XDICTIONARY
360
1C2
102
}
330
2A
100
AcDbVisualStyle
  2
Shades of Gray
 70
    23
177
     2
291
     0
 71
     2
176
     1
 72
     2
176
     1
 73
     3
176
     1
 90
        0
176
     1
 40
0.6
176
     1
 41
30.0
176
     1
 62
     5
 63
     7
421
 16777215
176
     1
 74
     2
176
     1
 91
        2
176
     1
 64
     7
176
     1
 65
     7
176
     1
 75
     1
176
     1
175
     1
176
     1
 42
40.0
176
     1
 92
        8
176
     1
 66
     7
176
     1
 43
1.0
176
     1
 76
     1
176
     1
 77
     6
176
     1
 78
     2
176
     1
 67
     7
176
     1
 79
     3
176
     1
170
     0
176
     1
171
     0
176
     1
290
     0
176
     1
 93
        1
176
     1
 44
0.0
176
     1
173
     0
176
     1
  0
VISUALSTYLE
  5
3F
102
{ACAD_REACTORS
330
2A
102
}
102
{ACAD_XDICTIONARY
360
1C4
102
}
330
2A
100
AcDbVisualStyle
  2
Sketchy
 70
    24
177
     2
291
     0
 71
     1
176
     1
 72
     2
176
     1
 73
     2
176
     1
 90
        0
176
     1
 40
0.6
176
     1
 41
30.0
176
     1
 62
     5
 63
     7
421
 16777215
176
     1
 74
     2
176
     1
 91
        2
176
     1
 64
     7
176
     1
 65
     7
176
     1
 75
     1
176
     1
175
     1
176
     1
 42
40.0
176
     1
 92
       11
176
     1
 66
     7
176
     1
 43
1.0
176
     1
 76
     1
176
     1
 77
     6
176
     1
 78
     2
176
     1
 67
     7
176
     1
 79
     6
176
     1
170
     0
176
     1
171
     0
176
     1
290
     0
176
     1
 93
        1
176
     1
 44
0.0
176
     1
173
     0
176
     1
  0
VISUALSTYLE
  5
37
102
{ACAD_REACTORS
330
2A
102
}
102
{ACAD_XDICTIONARY
360
1B4
102
}
330
2A
100
AcDbVisualStyle
  2
Thicken
 70
    13
177
     2
291
     1
 71
     2
176
     1
 72
     2
176
     1
 73
     0
176
     1
 90
        0
176
     1
 40
0.6
176
     1
 41
30.0
176
     1
 62
     5
 63
     7
421
 16777215
176
     1
 74
     1
176
     1
 91
        4
176
     1
 64
     7
176
     1
 65
   257
176
     1
 75
     1
176
     1
175
     1
176
     1
 42
1.0
176
     1
 92
       12
176
     1
 66
     7
176
     1
 43
1.0
176
     1
 76
     1
176
     1
 77
     6
176
     1
 78
     2
176
     1
 67
     7
176
     1
 79
     5
176
     1
170
     0
176
     1
171
     0
176
     1
290
     0
176
     1
 93
        1
176
     1
 44
0.0
176
     1
173
     0
176
     1
  0
VISUALSTYLE
  5
30
102
{ACAD_REACTORS
330
2A
102
}
102
{ACAD_XDICTIONARY
360
1A6
102
}
330
2A
100
AcDbVisualStyle
  2
Wireframe
 70
     5
177
     2
291
     0
 71
     0
176
     1
 72
     2
176
     1
 73
     0
176
     1
 90
        0
176
     1
 40
0.6
176
     1
 41
30.0
176
     1
 62
     5
 63
     7
421
 16777215
176
     1
 74
     1
176
     1
 91
        4
176
     1
 64
     7
176
     1
 65
   257
176
     1
 75
     1
176
     1
175
     1
176
     1
 42
1.0
176
     1
 92
        0
176
     1
 66
   257
176
     1
 43
1.0
176
     1
 76
     1
176
     1
 77
     6
176
     1
 78
     2
176
     1
 67
     7
176
     1
 79
     3
176
     1
170
     0
176
     1
171
     0
176
     1
290
     0
176
     1
 93
        1
176
     1
 44
0.0
176
     1
173
     0
176
     1
  0
VISUALSTYLE
  5
40
102
{ACAD_REACTORS
330
2A
102
}
102
{ACAD_XDICTIONARY
360
1C6
102
}
330
2A
100
AcDbVisualStyle
  2
X-Ray
 70
    25
177
     2
291
     0
 71
     2
176
     1
 72
     2
176
     1
 73
     1
176
     1
 90
        1
176
     1
 40
0.5
176
     1
 41
30.0
176
     1
 62
     5
 63
     7
421
 16777215
176
     1
 74
     1
176
     1
 91
        0
176
     1
 64
     7
176
     1
 65
   257
176
     1
 75
     1
176
     1
175
     1
176
     1
 42
1.0
176
     1
 92
        8
176
     1
 66
     7
176
     1
 43
1.0
176
     1
 76
     1
176
     1
 77
     6
176
     1
 78
     2
176
     1
 67
     7
176
     1
 79
     3
176
     1
170
     0
176
     1
171
     0
176
     1
290
     0
176
     1
 93
       13
176
     1
 44
0.0
176
     1
173
     0
176
     1
  0
DICTIONARYVAR
  5
19B
102
{ACAD_REACTORS
330
19A
102
}
330
19A
100
DictionaryVariables
280
     0
  1
1:1
  0
DICTIONARYVAR
  5
1D3
102
{ACAD_REACTORS
330
19A
102
}
330
19A
100
DictionaryVariables
280
     0
  1
3.500000
  0
DICTIONARYVAR
  5
1D4
102
{ACAD_REACTORS
330
19A
102
}
330
19A
100
DictionaryVariables
280
     0
  1
acadiso.lin
  0
DICTIONARYVAR
  5
1D0
102
{ACAD_REACTORS
330
19A
102
}
330
19A
100
DictionaryVariables
280
     0
  1
Standard
  0
DICTIONARYVAR
  5
1CF
102
{ACAD_REACTORS
330
19A
102
}
330
19A
100
DictionaryVariables
280
     0
  1
Standard
  0
DICTIONARY
  5
1CC
330
5A
100
AcDbDictionary
280
     1
281
     1
  3
ACAD_ROUNDTRIP_2008_TABLESTYLE_CELLSTYLEMAP
360
1CD
  0
DICTIONARY
  5
1A4
330
2F
100
AcDbDictionary
280
     1
281
     1
  3
ACAD_XREC_ROUNDTRIP
360
1A5
  0
DICTIONARY
  5
1AA
330
32
100
AcDbDictionary
280
     1
281
     1
  3
ACAD_XREC_ROUNDTRIP
360
1AB
  0
DICTIONARY
  5
1B2
330
36
100
AcDbDictionary
280
     1
281
     1
  3
ACAD_XREC_ROUNDTRIP
360
1B3
  0
DICTIONARY
  5
1BA
330
3A
100
AcDbDictionary
280
     1
281
     1
  3
ACAD_XREC_ROUNDTRIP
360
1BB
  0
DICTIONARY
  5
1AE
330
34
100
AcDbDictionary
280
     1
281
     1
  3
ACAD_XREC_ROUNDTRIP
360
1AF
  0
DICTIONARY
  5
1B0
330
35
100
AcDbDictionary
280
     1
281
     1
  3
ACAD_XREC_ROUNDTRIP
360
1B1
  0
DICTIONARY
  5
1C0
330
3D
100
AcDbDictionary
280
     1
281
     1
  3
ACAD_XREC_ROUNDTRIP
360
1C1
  0
DICTIONARY
  5
1B8
330
39
100
AcDbDictionary
280
     1
281
     1
  3
ACAD_XREC_ROUNDTRIP
360
1B9
  0
DICTIONARY
  5
19C
330
2B
100
AcDbDictionary
280
     1
281
     1
  3
ACAD_XREC_ROUNDTRIP
360
19D
  0
DICTIONARY
  5
19E
330
2C
100
AcDbDictionary
280
     1
281
     1
  3
ACAD_XREC_ROUNDTRIP
360
19F
  0
DICTIONARY
  5
1A0
330
2D
100
AcDbDictionary
280
     1
281
     1
  3
ACAD_XREC_ROUNDTRIP
360
1A1
  0
DICTIONARY
  5
1A2
330
2E
100
AcDbDictionary
280
     1
281
     1
  3
ACAD_XREC_ROUNDTRIP
360
1A3
  0
DICTIONARY
  5
1A8
330
31
100
AcDbDictionary
280
     1
281
     1
  3
ACAD_XREC_ROUNDTRIP
360
1A9
  0
DICTIONARY
  5
1BC
330
3B
100
AcDbDictionary
280
     1
281
     1
  3
ACAD_XREC_ROUNDTRIP
360
1BD
  0
DICTIONARY
  5
1B6
330
38
100
AcDbDictionary
280
     1
281
     1
  3
ACAD_XREC_ROUNDTRIP
360
1B7
  0
DICTIONARY
  5
1BE
330
3C
100
AcDbDictionary
280
     1
281
     1
  3
ACAD_XREC_ROUNDTRIP
360
1BF
  0
DICTIONARY
  5
1AC
330
33
100
AcDbDictionary
280
     1
281
     1
  3
ACAD_XREC_ROUNDTRIP
360
1AD
  0
DICTIONARY
  5
1CA
330
42
100
AcDbDictionary
280
     1
281
     1
  3
ACAD_XREC_ROUNDTRIP
360
1CB
  0
DICTIONARY
  5
1C8
330
41
100
AcDbDictionary
280
     1
281
     1
  3
ACAD_XREC_ROUNDTRIP
360
1C9
  0
DICTIONARY
  5
1C2
330
3E
100
AcDbDictionary
280
     1
281
     1
  3
ACAD_XREC_ROUNDTRIP
360
1C3
  0
DICTIONARY
  5
1C4
330
3F
100
AcDbDictionary
280
     1
281
     1
  3
ACAD_XREC_ROUNDTRIP
360
1C5
  0
DICTIONARY
  5
1B4
330
37
100
AcDbDictionary
280
     1
281
     1
  3
ACAD_XREC_ROUNDTRIP
360
1B5
  0
DICTIONARY
  5
1A6
330
30
100
AcDbDictionary
280
     1
281
     1
  3
ACAD_XREC_ROUNDTRIP
360
1A7
  0
DICTIONARY
  5
1C6
330
40
100
AcDbDictionary
280
     1
281
     1
  3
ACAD_XREC_ROUNDTRIP
360
1C7
  0
CELLSTYLEMAP
  5
1CD
102
{ACAD_REACTORS
330
1CC
102
}
330
1CC
100
AcDbCellStyleMap
 90
        3
300
CELLSTYLE
  1
TABLEFORMAT_BEGIN
 90
        5
170
     1
 91
        0
 92
    32768
 62
   257
 93
        1
300
CONTENTFORMAT
  1
CONTENTFORMAT_BEGIN
 90
        0
 91
        0
 92
        4
 93
        0
300

 40
0.0
140
1.0
 94
        5
 62
     0
340
11
144
6.0
309
CONTENTFORMAT_END
171
     1
301
MARGIN
  1
CELLMARGIN_BEGIN
 40
1.5
 40
1.5
 40
1.5
 40
1.5
 40
1.5
 40
1.5
309
CELLMARGIN_END
 94
        6
 95
        1
302
GRIDFORMAT
  1
GRIDFORMAT_BEGIN
 90
        0
 91
        1
 62
     0
 92
       -2
340
14
 93
        0
 40
0.045
309
GRIDFORMAT_END
 95
        2
302
GRIDFORMAT
  1
GRIDFORMAT_BEGIN
 90
        0
 91
        1
 62
     0
 92
       -2
340
14
 93
        0
 40
0.045
309
GRIDFORMAT_END
 95
        4
302
GRIDFORMAT
  1
GRIDFORMAT_BEGIN
 90
        0
 91
        1
 62
     0
 92
       -2
340
14
 93
        0
 40
0.045
309
GRIDFORMAT_END
 95
        8
302
GRIDFORMAT
  1
GRIDFORMAT_BEGIN
 90
        0
 91
        1
 62
     0
 92
       -2
340
14
 93
        0
 40
0.045
309
GRIDFORMAT_END
 95
       16
302
GRIDFORMAT
  1
GRIDFORMAT_BEGIN
 90
        0
 91
        1
 62
     0
 92
       -2
340
14
 93
        0
 40
0.045
309
GRIDFORMAT_END
 95
       32
302
GRIDFORMAT
  1
GRIDFORMAT_BEGIN
 90
        0
 91
        1
 62
     0
 92
       -2
340
14
 93
        0
 40
0.045
309
GRIDFORMAT_END
309
TABLEFORMAT_END
  1
CELLSTYLE_BEGIN
 90
        1
 91
        1
300
_TITLE
309
CELLSTYLE_END
300
CELLSTYLE
  1
TABLEFORMAT_BEGIN
 90
        5
170
     1
 91
        0
 92
        0
 62
   257
 93
        1
300
CONTENTFORMAT
  1
CONTENTFORMAT_BEGIN
 90
        0
 91
        0
 92
        4
 93
        0
300

 40
0.0
140
1.0
 94
        5
 62
     0
340
11
144
4.5
309
CONTENTFORMAT_END
171
     1
301
MARGIN
  1
CELLMARGIN_BEGIN
 40
1.5
 40
1.5
 40
1.5
 40
1.5
 40
1.5
 40
1.5
309
CELLMARGIN_END
 94
        6
 95
        1
302
GRIDFORMAT
  1
GRIDFORMAT_BEGIN
 90
        0
 91
        1
 62
     0
 92
       -2
340
14
 93
        0
 40
0.045
309
GRIDFORMAT_END
 95
        2
302
GRIDFORMAT
  1
GRIDFORMAT_BEGIN
 90
        0
 91
        1
 62
     0
 92
       -2
340
14
 93
        0
 40
0.045
309
GRIDFORMAT_END
 95
        4
302
GRIDFORMAT
  1
GRIDFORMAT_BEGIN
 90
        0
 91
        1
 62
     0
 92
       -2
340
14
 93
        0
 40
0.045
309
GRIDFORMAT_END
 95
        8
302
GRIDFORMAT
  1
GRIDFORMAT_BEGIN
 90
        0
 91
        1
 62
     0
 92
       -2
340
14
 93
        0
 40
0.045
309
GRIDFORMAT_END
 95
       16
302
GRIDFORMAT
  1
GRIDFORMAT_BEGIN
 90
        0
 91
        1
 62
     0
 92
       -2
340
14
 93
        0
 40
0.045
309
GRIDFORMAT_END
 95
       32
302
GRIDFORMAT
  1
GRIDFORMAT_BEGIN
 90
        0
 91
        1
 62
     0
 92
       -2
340
14
 93
        0
 40
0.045
309
GRIDFORMAT_END
309
TABLEFORMAT_END
  1
CELLSTYLE_BEGIN
 90
        2
 91
        1
300
_HEADER
309
CELLSTYLE_END
300
CELLSTYLE
  1
TABLEFORMAT_BEGIN
 90
        5
170
     1
 91
        0
 92
        0
 62
   257
 93
        1
300
CONTENTFORMAT
  1
CONTENTFORMAT_BEGIN
 90
        0
 91
        0
 92
        4
 93
        0
300

 40
0.0
140
1.0
 94
        2
 62
     0
340
11
144
4.5
309
CONTENTFORMAT_END
171
     1
301
MARGIN
  1
CELLMARGIN_BEGIN
 40
1.5
 40
1.5
 40
1.5
 40
1.5
 40
1.5
 40
1.5
309
CELLMARGIN_END
 94
        6
 95
        1
302
GRIDFORMAT
  1
GRIDFORMAT_BEGIN
 90
        0
 91
        1
 62
     0
 92
       -2
340
14
 93
        0
 40
0.045
309
GRIDFORMAT_END
 95
        2
302
GRIDFORMAT
  1
GRIDFORMAT_BEGIN
 90
        0
 91
        1
 62
     0
 92
       -2
340
14
 93
        0
 40
0.045
309
GRIDFORMAT_END
 95
        4
302
GRIDFORMAT
  1
GRIDFORMAT_BEGIN
 90
        0
 91
        1
 62
     0
 92
       -2
340
14
 93
        0
 40
0.045
309
GRIDFORMAT_END
 95
        8
302
GRIDFORMAT
  1
GRIDFORMAT_BEGIN
 90
        0
 91
        1
 62
     0
 92
       -2
340
14
 93
        0
 40
0.045
309
GRIDFORMAT_END
 95
       16
302
GRIDFORMAT
  1
GRIDFORMAT_BEGIN
 90
        0
 91
        1
 62
     0
 92
       -2
340
14
 93
        0
 40
0.045
309
GRIDFORMAT_END
 95
       32
302
GRIDFORMAT
  1
GRIDFORMAT_BEGIN
 90
        0
 91
        1
 62
     0
 92
       -2
340
14
 93
        0
 40
0.045
309
GRIDFORMAT_END
309
TABLEFORMAT_END
  1
CELLSTYLE_BEGIN
 90
        3
 91
        2
300
_DATA
309
CELLSTYLE_END
  0
XRECORD
  5
1A5
102
{ACAD_REACTORS
330
1A4
102
}
330
1A4
100
AcDbXrecord
280
     1
102
RTVSPost2010Prop28
280
     1
102
RTVSPost2010PropOp28
 70
     1
102
RTVSPost2010Prop29
280
     1
102
RTVSPost2010PropOp29
 70
     1
102
RTVSPost2010Prop30
280
     0
102
RTVSPost2010PropOp30
 70
     1
102
RTVSPost2010Prop31
280
     0
102
RTVSPost2010PropOp31
 70
     1
102
RTVSPost2010Prop32
280
     0
102
RTVSPost2010PropOp32
 70
     1
102
RTVSPost2010Prop33
280
     0
102
RTVSPost2010PropOp33
 70
     1
102
RTVSPost2010Prop34
280
     0
102
RTVSPost2010PropOp34
 70
     1
102
RTVSPost2010Prop35
280
     0
102
RTVSPost2010PropOp35
 70
     1
102
RTVSPost2010Prop36
280
     0
102
RTVSPost2010PropOp36
 70
     1
102
RTVSPost2010Prop37
 90
       50
102
RTVSPost2010PropOp37
 70
     1
102
RTVSPost2010Prop38
140
0.0
102
RTVSPost2010PropOp38
 70
     1
102
RTVSPost2010Prop39
140
1.0
102
RTVSPost2010PropOp39
 70
     1
102
RTVSPost2010Prop40
 90
        0
102
RTVSPost2010PropOp40
 70
     1
102
RTVSPost2010Prop41ColorIndex
 90
       18
102
RTVSPost2010Prop41ColorRGB
 90
        0
102
RTVSPost2010PropOp41
 70
     1
102
RTVSPost2010Prop42
 90
       50
102
RTVSPost2010PropOp42
 70
     1
102
RTVSPost2010Prop43
 90
        3
102
RTVSPost2010PropOp43
 70
     1
102
RTVSPost2010Prop44ColorIndex
 90
        5
102
RTVSPost2010Prop44ColorRGB
 90
      255
102
RTVSPost2010PropOp44
 70
     1
102
RTVSPost2010Prop45
280
     0
102
RTVSPost2010PropOp45
 70
     1
102
RTVSPost2010Prop46
 90
       50
102
RTVSPost2010PropOp46
 70
     1
102
RTVSPost2010Prop47
 90
       50
102
RTVSPost2010PropOp47
 70
     1
102
RTVSPost2010Prop48
 90
       50
102
RTVSPost2010PropOp48
 70
     1
102
RTVSPost2010Prop49
280
     0
102
RTVSPost2010PropOp49
 70
     1
102
RTVSPost2010Prop50
 90
       50
102
RTVSPost2010PropOp50
 70
     1
102
RTVSPost2010Prop51ColorIndex
 90
      256
102
RTVSPost2010Prop51ColorRGB
 90
-16777216
102
RTVSPost2010PropOp51
 70
     0
102
RTVSPost2010Prop52
140
1.0
102
RTVSPost2010PropOp52
 70
     0
102
RTVSPost2010Prop53
 90
        2
102
RTVSPost2010PropOp53
 70
     1
102
RTVSPost2010Prop54
  1
strokes_ogs.tif
102
RTVSPost2010PropOp54
 70
     1
102
RTVSPost2010Prop55
280
     0
102
RTVSPost2010PropOp55
 70
     1
102
RTVSPost2010Prop56
140
1.0
102
RTVSPost2010PropOp56
 70
     1
102
RTVSPost2010Prop57
140
1.0
102
RTVSPost2010PropOp57
 70
     1
  0
XRECORD
  5
1AB
102
{ACAD_REACTORS
330
1AA
102
}
330
1AA
100
AcDbXrecord
280
     1
102
RTVSPost2010Prop28
280
     0
102
RTVSPost2010PropOp28
 70
     1
102
RTVSPost2010Prop29
280
     1
102
RTVSPost2010PropOp29
 70
     1
102
RTVSPost2010Prop30
280
     1
102
RTVSPost2010PropOp30
 70
     1
102
RTVSPost2010Prop31
280
     0
102
RTVSPost2010PropOp31
 70
     1
102
RTVSPost2010Prop32
280
     0
102
RTVSPost2010PropOp32
 70
     1
102
RTVSPost2010Prop33
280
     0
102
RTVSPost2010PropOp33
 70
     1
102
RTVSPost2010Prop34
280
     0
102
RTVSPost2010PropOp34
 70
     1
102
RTVSPost2010Prop35
280
     0
102
RTVSPost2010PropOp35
 70
     1
102
RTVSPost2010Prop36
280
     0
102
RTVSPost2010PropOp36
 70
     1
102
RTVSPost2010Prop37
 90
       50
102
RTVSPost2010PropOp37
 70
     1
102
RTVSPost2010Prop38
140
0.0
102
RTVSPost2010PropOp38
 70
     1
102
RTVSPost2010Prop39
140
1.0
102
RTVSPost2010PropOp39
 70
     1
102
RTVSPost2010Prop40
 90
        0
102
RTVSPost2010PropOp40
 70
     1
102
RTVSPost2010Prop41ColorIndex
 90
       18
102
RTVSPost2010Prop41ColorRGB
 90
        0
102
RTVSPost2010PropOp41
 70
     1
102
RTVSPost2010Prop42
 90
       50
102
RTVSPost2010PropOp42
 70
     1
102
RTVSPost2010Prop43
 90
        3
102
RTVSPost2010PropOp43
 70
     1
102
RTVSPost2010Prop44ColorIndex
 90
        5
102
RTVSPost2010Prop44ColorRGB
 90
      255
102
RTVSPost2010PropOp44
 70
     1
102
RTVSPost2010Prop45
280
     0
102
RTVSPost2010PropOp45
 70
     1
102
RTVSPost2010Prop46
 90
       50
102
RTVSPost2010PropOp46
 70
     1
102
RTVSPost2010Prop47
 90
       50
102
RTVSPost2010PropOp47
 70
     1
102
RTVSPost2010Prop48
 90
       50
102
RTVSPost2010PropOp48
 70
     1
102
RTVSPost2010Prop49
280
     0
102
RTVSPost2010PropOp49
 70
     1
102
RTVSPost2010Prop50
 90
       50
102
RTVSPost2010PropOp50
 70
     1
102
RTVSPost2010Prop51ColorIndex
 90
      256
102
RTVSPost2010Prop51ColorRGB
 90
-16777216
102
RTVSPost2010PropOp51
 70
     0
102
RTVSPost2010Prop52
140
1.0
102
RTVSPost2010PropOp52
 70
     0
102
RTVSPost2010Prop53
 90
        2
102
RTVSPost2010PropOp53
 70
     1
102
RTVSPost2010Prop54
  1
strokes_ogs.tif
102
RTVSPost2010PropOp54
 70
     1
102
RTVSPost2010Prop55
280
     0
102
RTVSPost2010PropOp55
 70
     1
102
RTVSPost2010Prop56
140
1.0
102
RTVSPost2010PropOp56
 70
     1
102
RTVSPost2010Prop57
140
1.0
102
RTVSPost2010PropOp57
 70
     1
  0
XRECORD
  5
1B3
102
{ACAD_REACTORS
330
1B2
102
}
330
1B2
100
AcDbXrecord
280
     1
102
RTVSPost2010Prop28
280
     0
102
RTVSPost2010PropOp28
 70
     1
102
RTVSPost2010Prop29
280
     1
102
RTVSPost2010PropOp29
 70
     1
102
RTVSPost2010Prop30
280
     1
102
RTVSPost2010PropOp30
 70
     1
102
RTVSPost2010Prop31
280
     0
102
RTVSPost2010PropOp31
 70
     1
102
RTVSPost2010Prop32
280
     0
102
RTVSPost2010PropOp32
 70
     1
102
RTVSPost2010Prop33
280
     0
102
RTVSPost2010PropOp33
 70
     1
102
RTVSPost2010Prop34
280
     0
102
RTVSPost2010PropOp34
 70
     1
102
RTVSPost2010Prop35
280
     0
102
RTVSPost2010PropOp35
 70
     1
102
RTVSPost2010Prop36
280
     0
102
RTVSPost2010PropOp36
 70
     1
102
RTVSPost2010Prop37
 90
       50
102
RTVSPost2010PropOp37
 70
     1
102
RTVSPost2010Prop38
140
0.0
102
RTVSPost2010PropOp38
 70
     1
102
RTVSPost2010Prop39
140
1.0
102
RTVSPost2010PropOp39
 70
     1
102
RTVSPost2010Prop40
 90
        0
102
RTVSPost2010PropOp40
 70
     1
102
RTVSPost2010Prop41ColorIndex
 90
       18
102
RTVSPost2010Prop41ColorRGB
 90
        0
102
RTVSPost2010PropOp41
 70
     1
102
RTVSPost2010Prop42
 90
       50
102
RTVSPost2010PropOp42
 70
     1
102
RTVSPost2010Prop43
 90
        3
102
RTVSPost2010PropOp43
 70
     1
102
RTVSPost2010Prop44ColorIndex
 90
        5
102
RTVSPost2010Prop44ColorRGB
 90
      255
102
RTVSPost2010PropOp44
 70
     1
102
RTVSPost2010Prop45
280
     0
102
RTVSPost2010PropOp45
 70
     1
102
RTVSPost2010Prop46
 90
       50
102
RTVSPost2010PropOp46
 70
     1
102
RTVSPost2010Prop47
 90
       50
102
RTVSPost2010PropOp47
 70
     1
102
RTVSPost2010Prop48
 90
       50
102
RTVSPost2010PropOp48
 70
     1
102
RTVSPost2010Prop49
280
     0
102
RTVSPost2010PropOp49
 70
     1
102
RTVSPost2010Prop50
 90
       50
102
RTVSPost2010PropOp50
 70
     1
102
RTVSPost2010Prop51ColorIndex
 90
      256
102
RTVSPost2010Prop51ColorRGB
 90
-16777216
102
RTVSPost2010PropOp51
 70
     0
102
RTVSPost2010Prop52
140
1.0
102
RTVSPost2010PropOp52
 70
     0
102
RTVSPost2010Prop53
 90
        2
102
RTVSPost2010PropOp53
 70
     1
102
RTVSPost2010Prop54
  1
strokes_ogs.tif
102
RTVSPost2010PropOp54
 70
     1
102
RTVSPost2010Prop55
280
     0
102
RTVSPost2010PropOp55
 70
     1
102
RTVSPost2010Prop56
140
1.0
102
RTVSPost2010PropOp56
 70
     1
102
RTVSPost2010Prop57
140
1.0
102
RTVSPost2010PropOp57
 70
     1
  0
XRECORD
  5
1BB
102
{ACAD_REACTORS
330
1BA
102
}
330
1BA
100
AcDbXrecord
280
     1
102
RTVSPost2010Prop28
280
     0
102
RTVSPost2010PropOp28
 70
     1
102
RTVSPost2010Prop29
280
     1
102
RTVSPost2010PropOp29
 70
     1
102
RTVSPost2010Prop30
280
     1
102
RTVSPost2010PropOp30
 70
     1
102
RTVSPost2010Prop31
280
     0
102
RTVSPost2010PropOp31
 70
     1
102
RTVSPost2010Prop32
280
     0
102
RTVSPost2010PropOp32
 70
     1
102
RTVSPost2010Prop33
280
     0
102
RTVSPost2010PropOp33
 70
     1
102
RTVSPost2010Prop34
280
     0
102
RTVSPost2010PropOp34
 70
     1
102
RTVSPost2010Prop35
280
     0
102
RTVSPost2010PropOp35
 70
     1
102
RTVSPost2010Prop36
280
     0
102
RTVSPost2010PropOp36
 70
     1
102
RTVSPost2010Prop37
 90
       50
102
RTVSPost2010PropOp37
 70
     1
102
RTVSPost2010Prop38
140
0.0
102
RTVSPost2010PropOp38
 70
     1
102
RTVSPost2010Prop39
140
1.0
102
RTVSPost2010PropOp39
 70
     1
102
RTVSPost2010Prop40
 90
        0
102
RTVSPost2010PropOp40
 70
     1
102
RTVSPost2010Prop41ColorIndex
 90
       18
102
RTVSPost2010Prop41ColorRGB
 90
        0
102
RTVSPost2010PropOp41
 70
     1
102
RTVSPost2010Prop42
 90
       50
102
RTVSPost2010PropOp42
 70
     1
102
RTVSPost2010Prop43
 90
        3
102
RTVSPost2010PropOp43
 70
     1
102
RTVSPost2010Prop44ColorIndex
 90
        5
102
RTVSPost2010Prop44ColorRGB
 90
      255
102
RTVSPost2010PropOp44
 70
     1
102
RTVSPost2010Prop45
280
     0
102
RTVSPost2010PropOp45
 70
     1
102
RTVSPost2010Prop46
 90
       50
102
RTVSPost2010PropOp46
 70
     1
102
RTVSPost2010Prop47
 90
       50
102
RTVSPost2010PropOp47
 70
     1
102
RTVSPost2010Prop48
 90
       50
102
RTVSPost2010PropOp48
 70
     1
102
RTVSPost2010Prop49
280
     0
102
RTVSPost2010PropOp49
 70
     1
102
RTVSPost2010Prop50
 90
       50
102
RTVSPost2010PropOp50
 70
     1
102
RTVSPost2010Prop51ColorIndex
 90
      256
102
RTVSPost2010Prop51ColorRGB
 90
-16777216
102
RTVSPost2010PropOp51
 70
     0
102
RTVSPost2010Prop52
140
1.0
102
RTVSPost2010PropOp52
 70
     0
102
RTVSPost2010Prop53
 90
        2
102
RTVSPost2010PropOp53
 70
     1
102
RTVSPost2010Prop54
  1
strokes_ogs.tif
102
RTVSPost2010PropOp54
 70
     1
102
RTVSPost2010Prop55
280
     0
102
RTVSPost2010PropOp55
 70
     1
102
RTVSPost2010Prop56
140
1.0
102
RTVSPost2010PropOp56
 70
     1
102
RTVSPost2010Prop57
140
1.0
102
RTVSPost2010PropOp57
 70
     1
  0
XRECORD
  5
1AF
102
{ACAD_REACTORS
330
1AE
102
}
330
1AE
100
AcDbXrecord
280
     1
102
RTVSPost2010Prop28
280
     0
102
RTVSPost2010PropOp28
 70
     1
102
RTVSPost2010Prop29
280
     1
102
RTVSPost2010PropOp29
 70
     1
102
RTVSPost2010Prop30
280
     1
102
RTVSPost2010PropOp30
 70
     1
102
RTVSPost2010Prop31
280
     0
102
RTVSPost2010PropOp31
 70
     1
102
RTVSPost2010Prop32
280
     0
102
RTVSPost2010PropOp32
 70
     1
102
RTVSPost2010Prop33
280
     0
102
RTVSPost2010PropOp33
 70
     1
102
RTVSPost2010Prop34
280
     0
102
RTVSPost2010PropOp34
 70
     1
102
RTVSPost2010Prop35
280
     0
102
RTVSPost2010PropOp35
 70
     1
102
RTVSPost2010Prop36
280
     0
102
RTVSPost2010PropOp36
 70
     1
102
RTVSPost2010Prop37
 90
       50
102
RTVSPost2010PropOp37
 70
     1
102
RTVSPost2010Prop38
140
0.0
102
RTVSPost2010PropOp38
 70
     1
102
RTVSPost2010Prop39
140
1.0
102
RTVSPost2010PropOp39
 70
     1
102
RTVSPost2010Prop40
 90
        0
102
RTVSPost2010PropOp40
 70
     1
102
RTVSPost2010Prop41ColorIndex
 90
       18
102
RTVSPost2010Prop41ColorRGB
 90
        0
102
RTVSPost2010PropOp41
 70
     1
102
RTVSPost2010Prop42
 90
       50
102
RTVSPost2010PropOp42
 70
     1
102
RTVSPost2010Prop43
 90
        3
102
RTVSPost2010PropOp43
 70
     1
102
RTVSPost2010Prop44ColorIndex
 90
        5
102
RTVSPost2010Prop44ColorRGB
 90
      255
102
RTVSPost2010PropOp44
 70
     1
102
RTVSPost2010Prop45
280
     0
102
RTVSPost2010PropOp45
 70
     1
102
RTVSPost2010Prop46
 90
       50
102
RTVSPost2010PropOp46
 70
     1
102
RTVSPost2010Prop47
 90
       50
102
RTVSPost2010PropOp47
 70
     1
102
RTVSPost2010Prop48
 90
       50
102
RTVSPost2010PropOp48
 70
     1
102
RTVSPost2010Prop49
280
     0
102
RTVSPost2010PropOp49
 70
     1
102
RTVSPost2010Prop50
 90
       50
102
RTVSPost2010PropOp50
 70
     1
102
RTVSPost2010Prop51ColorIndex
 90
      256
102
RTVSPost2010Prop51ColorRGB
 90
-16777216
102
RTVSPost2010PropOp51
 70
     0
102
RTVSPost2010Prop52
140
1.0
102
RTVSPost2010PropOp52
 70
     0
102
RTVSPost2010Prop53
 90
        2
102
RTVSPost2010PropOp53
 70
     1
102
RTVSPost2010Prop54
  1
strokes_ogs.tif
102
RTVSPost2010PropOp54
 70
     1
102
RTVSPost2010Prop55
280
     0
102
RTVSPost2010PropOp55
 70
     1
102
RTVSPost2010Prop56
140
1.0
102
RTVSPost2010PropOp56
 70
     1
102
RTVSPost2010Prop57
140
1.0
102
RTVSPost2010PropOp57
 70
     1
  0
XRECORD
  5
1B1
102
{ACAD_REACTORS
330
1B0
102
}
330
1B0
100
AcDbXrecord
280
     1
102
RTVSPost2010Prop28
280
     0
102
RTVSPost2010PropOp28
 70
     1
102
RTVSPost2010Prop29
280
     1
102
RTVSPost2010PropOp29
 70
     1
102
RTVSPost2010Prop30
280
     1
102
RTVSPost2010PropOp30
 70
     1
102
RTVSPost2010Prop31
280
     0
102
RTVSPost2010PropOp31
 70
     1
102
RTVSPost2010Prop32
280
     0
102
RTVSPost2010PropOp32
 70
     1
102
RTVSPost2010Prop33
280
     0
102
RTVSPost2010PropOp33
 70
     1
102
RTVSPost2010Prop34
280
     0
102
RTVSPost2010PropOp34
 70
     1
102
RTVSPost2010Prop35
280
     0
102
RTVSPost2010PropOp35
 70
     1
102
RTVSPost2010Prop36
280
     0
102
RTVSPost2010PropOp36
 70
     1
102
RTVSPost2010Prop37
 90
       50
102
RTVSPost2010PropOp37
 70
     1
102
RTVSPost2010Prop38
140
0.0
102
RTVSPost2010PropOp38
 70
     1
102
RTVSPost2010Prop39
140
1.0
102
RTVSPost2010PropOp39
 70
     1
102
RTVSPost2010Prop40
 90
        0
102
RTVSPost2010PropOp40
 70
     1
102
RTVSPost2010Prop41ColorIndex
 90
       18
102
RTVSPost2010Prop41ColorRGB
 90
        0
102
RTVSPost2010PropOp41
 70
     1
102
RTVSPost2010Prop42
 90
       50
102
RTVSPost2010PropOp42
 70
     1
102
RTVSPost2010Prop43
 90
        3
102
RTVSPost2010PropOp43
 70
     1
102
RTVSPost2010Prop44ColorIndex
 90
        5
102
RTVSPost2010Prop44ColorRGB
 90
      255
102
RTVSPost2010PropOp44
 70
     1
102
RTVSPost2010Prop45
280
     0
102
RTVSPost2010PropOp45
 70
     1
102
RTVSPost2010Prop46
 90
       50
102
RTVSPost2010PropOp46
 70
     1
102
RTVSPost2010Prop47
 90
       50
102
RTVSPost2010PropOp47
 70
     1
102
RTVSPost2010Prop48
 90
       50
102
RTVSPost2010PropOp48
 70
     1
102
RTVSPost2010Prop49
280
     0
102
RTVSPost2010PropOp49
 70
     1
102
RTVSPost2010Prop50
 90
       50
102
RTVSPost2010PropOp50
 70
     1
102
RTVSPost2010Prop51ColorIndex
 90
      256
102
RTVSPost2010Prop51ColorRGB
 90
-16777216
102
RTVSPost2010PropOp51
 70
     0
102
RTVSPost2010Prop52
140
1.0
102
RTVSPost2010PropOp52
 70
     0
102
RTVSPost2010Prop53
 90
        2
102
RTVSPost2010PropOp53
 70
     1
102
RTVSPost2010Prop54
  1
strokes_ogs.tif
102
RTVSPost2010PropOp54
 70
     1
102
RTVSPost2010Prop55
280
     0
102
RTVSPost2010PropOp55
 70
     1
102
RTVSPost2010Prop56
140
1.0
102
RTVSPost2010PropOp56
 70
     1
102
RTVSPost2010Prop57
140
1.0
102
RTVSPost2010PropOp57
 70
     1
  0
XRECORD
  5
1C1
102
{ACAD_REACTORS
330
1C0
102
}
330
1C0
100
AcDbXrecord
280
     1
102
RTVSPost2010Prop28
280
     0
102
RTVSPost2010PropOp28
 70
     0
102
RTVSPost2010Prop29
280
     1
102
RTVSPost2010PropOp29
 70
     0
102
RTVSPost2010Prop30
280
     1
102
RTVSPost2010PropOp30
 70
     0
102
RTVSPost2010Prop31
280
     0
102
RTVSPost2010PropOp31
 70
     0
102
RTVSPost2010Prop32
280
     0
102
RTVSPost2010PropOp32
 70
     0
102
RTVSPost2010Prop33
280
     0
102
RTVSPost2010PropOp33
 70
     0
102
RTVSPost2010Prop34
280
     0
102
RTVSPost2010PropOp34
 70
     0
102
RTVSPost2010Prop35
280
     0
102
RTVSPost2010PropOp35
 70
     0
102
RTVSPost2010Prop36
280
     0
102
RTVSPost2010PropOp36
 70
     0
102
RTVSPost2010Prop37
 90
       50
102
RTVSPost2010PropOp37
 70
     0
102
RTVSPost2010Prop38
140
0.0
102
RTVSPost2010PropOp38
 70
     0
102
RTVSPost2010Prop39
140
1.0
102
RTVSPost2010PropOp39
 70
     0
102
RTVSPost2010Prop40
 90
        0
102
RTVSPost2010PropOp40
 70
     0
102
RTVSPost2010Prop41ColorIndex
 90
       18
102
RTVSPost2010Prop41ColorRGB
 90
        0
102
RTVSPost2010PropOp41
 70
     0
102
RTVSPost2010Prop42
 90
       50
102
RTVSPost2010PropOp42
 70
     0
102
RTVSPost2010Prop43
 90
        3
102
RTVSPost2010PropOp43
 70
     0
102
RTVSPost2010Prop44ColorIndex
 90
        5
102
RTVSPost2010Prop44ColorRGB
 90
      255
102
RTVSPost2010PropOp44
 70
     0
102
RTVSPost2010Prop45
280
     0
102
RTVSPost2010PropOp45
 70
     0
102
RTVSPost2010Prop46
 90
       50
102
RTVSPost2010PropOp46
 70
     0
102
RTVSPost2010Prop47
 90
       50
102
RTVSPost2010PropOp47
 70
     0
102
RTVSPost2010Prop48
 90
       50
102
RTVSPost2010PropOp48
 70
     0
102
RTVSPost2010Prop49
280
     0
102
RTVSPost2010PropOp49
 70
     0
102
RTVSPost2010Prop50
 90
       50
102
RTVSPost2010PropOp50
 70
     0
102
RTVSPost2010Prop51ColorIndex
 90
      256
102
RTVSPost2010Prop51ColorRGB
 90
-16777216
102
RTVSPost2010PropOp51
 70
     0
102
RTVSPost2010Prop52
140
1.0
102
RTVSPost2010PropOp52
 70
     0
102
RTVSPost2010Prop53
 90
        2
102
RTVSPost2010PropOp53
 70
     0
102
RTVSPost2010Prop54
  1
strokes_ogs.tif
102
RTVSPost2010PropOp54
 70
     0
102
RTVSPost2010Prop55
280
     0
102
RTVSPost2010PropOp55
 70
     0
102
RTVSPost2010Prop56
140
1.0
102
RTVSPost2010PropOp56
 70
     0
102
RTVSPost2010Prop57
140
1.0
102
RTVSPost2010PropOp57
 70
     0
  0
XRECORD
  5
1B9
102
{ACAD_REACTORS
330
1B8
102
}
330
1B8
100
AcDbXrecord
280
     1
102
RTVSPost2010Prop28
280
     0
102
RTVSPost2010PropOp28
 70
     1
102
RTVSPost2010Prop29
280
     1
102
RTVSPost2010PropOp29
 70
     1
102
RTVSPost2010Prop30
280
     1
102
RTVSPost2010PropOp30
 70
     1
102
RTVSPost2010Prop31
280
     0
102
RTVSPost2010PropOp31
 70
     1
102
RTVSPost2010Prop32
280
     0
102
RTVSPost2010PropOp32
 70
     1
102
RTVSPost2010Prop33
280
     0
102
RTVSPost2010PropOp33
 70
     1
102
RTVSPost2010Prop34
280
     0
102
RTVSPost2010PropOp34
 70
     1
102
RTVSPost2010Prop35
280
     0
102
RTVSPost2010PropOp35
 70
     1
102
RTVSPost2010Prop36
280
     0
102
RTVSPost2010PropOp36
 70
     1
102
RTVSPost2010Prop37
 90
       50
102
RTVSPost2010PropOp37
 70
     1
102
RTVSPost2010Prop38
140
0.0
102
RTVSPost2010PropOp38
 70
     1
102
RTVSPost2010Prop39
140
1.0
102
RTVSPost2010PropOp39
 70
     1
102
RTVSPost2010Prop40
 90
        0
102
RTVSPost2010PropOp40
 70
     1
102
RTVSPost2010Prop41ColorIndex
 90
       18
102
RTVSPost2010Prop41ColorRGB
 90
        0
102
RTVSPost2010PropOp41
 70
     1
102
RTVSPost2010Prop42
 90
       50
102
RTVSPost2010PropOp42
 70
     1
102
RTVSPost2010Prop43
 90
        3
102
RTVSPost2010PropOp43
 70
     1
102
RTVSPost2010Prop44ColorIndex
 90
        5
102
RTVSPost2010Prop44ColorRGB
 90
      255
102
RTVSPost2010PropOp44
 70
     1
102
RTVSPost2010Prop45
280
     0
102
RTVSPost2010PropOp45
 70
     1
102
RTVSPost2010Prop46
 90
       50
102
RTVSPost2010PropOp46
 70
     1
102
RTVSPost2010Prop47
 90
       50
102
RTVSPost2010PropOp47
 70
     1
102
RTVSPost2010Prop48
 90
       50
102
RTVSPost2010PropOp48
 70
     1
102
RTVSPost2010Prop49
280
     0
102
RTVSPost2010PropOp49
 70
     1
102
RTVSPost2010Prop50
 90
       50
102
RTVSPost2010PropOp50
 70
     1
102
RTVSPost2010Prop51ColorIndex
 90
      256
102
RTVSPost2010Prop51ColorRGB
 90
-16777216
102
RTVSPost2010PropOp51
 70
     0
102
RTVSPost2010Prop52
140
1.0
102
RTVSPost2010PropOp52
 70
     0
102
RTVSPost2010Prop53
 90
        2
102
RTVSPost2010PropOp53
 70
     1
102
RTVSPost2010Prop54
  1
strokes_ogs.tif
102
RTVSPost2010PropOp54
 70
     1
102
RTVSPost2010Prop55
280
     0
102
RTVSPost2010PropOp55
 70
     1
102
RTVSPost2010Prop56
140
1.0
102
RTVSPost2010PropOp56
 70
     1
102
RTVSPost2010Prop57
140
1.0
102
RTVSPost2010PropOp57
 70
     1
  0
XRECORD
  5
19D
102
{ACAD_REACTORS
330
19C
102
}
330
19C
100
AcDbXrecord
280
     1
102
RTVSPost2010Prop28
280
     0
102
RTVSPost2010PropOp28
 70
     1
102
RTVSPost2010Prop29
280
     1
102
RTVSPost2010PropOp29
 70
     1
102
RTVSPost2010Prop30
280
     1
102
RTVSPost2010PropOp30
 70
     1
102
RTVSPost2010Prop31
280
     0
102
RTVSPost2010PropOp31
 70
     1
102
RTVSPost2010Prop32
280
     0
102
RTVSPost2010PropOp32
 70
     1
102
RTVSPost2010Prop33
280
     0
102
RTVSPost2010PropOp33
 70
     1
102
RTVSPost2010Prop34
280
     0
102
RTVSPost2010PropOp34
 70
     1
102
RTVSPost2010Prop35
280
     0
102
RTVSPost2010PropOp35
 70
     1
102
RTVSPost2010Prop36
280
     0
102
RTVSPost2010PropOp36
 70
     1
102
RTVSPost2010Prop37
 90
       50
102
RTVSPost2010PropOp37
 70
     1
102
RTVSPost2010Prop38
140
0.0
102
RTVSPost2010PropOp38
 70
     1
102
RTVSPost2010Prop39
140
1.0
102
RTVSPost2010PropOp39
 70
     1
102
RTVSPost2010Prop40
 90
        0
102
RTVSPost2010PropOp40
 70
     1
102
RTVSPost2010Prop41ColorIndex
 90
       18
102
RTVSPost2010Prop41ColorRGB
 90
        0
102
RTVSPost2010PropOp41
 70
     1
102
RTVSPost2010Prop42
 90
       50
102
RTVSPost2010PropOp42
 70
     1
102
RTVSPost2010Prop43
 90
        3
102
RTVSPost2010PropOp43
 70
     1
102
RTVSPost2010Prop44ColorIndex
 90
        5
102
RTVSPost2010Prop44ColorRGB
 90
      255
102
RTVSPost2010PropOp44
 70
     1
102
RTVSPost2010Prop45
280
     0
102
RTVSPost2010PropOp45
 70
     1
102
RTVSPost2010Prop46
 90
       50
102
RTVSPost2010PropOp46
 70
     1
102
RTVSPost2010Prop47
 90
       50
102
RTVSPost2010PropOp47
 70
     1
102
RTVSPost2010Prop48
 90
       50
102
RTVSPost2010PropOp48
 70
     1
102
RTVSPost2010Prop49
280
     0
102
RTVSPost2010PropOp49
 70
     1
102
RTVSPost2010Prop50
 90
       50
102
RTVSPost2010PropOp50
 70
     1
102
RTVSPost2010Prop51ColorIndex
 90
      256
102
RTVSPost2010Prop51ColorRGB
 90
-16777216
102
RTVSPost2010PropOp51
 70
     0
102
RTVSPost2010Prop52
140
1.0
102
RTVSPost2010PropOp52
 70
     0
102
RTVSPost2010Prop53
 90
        2
102
RTVSPost2010PropOp53
 70
     1
102
RTVSPost2010Prop54
  1
strokes_ogs.tif
102
RTVSPost2010PropOp54
 70
     1
102
RTVSPost2010Prop55
280
     0
102
RTVSPost2010PropOp55
 70
     1
102
RTVSPost2010Prop56
140
1.0
102
RTVSPost2010PropOp56
 70
     1
102
RTVSPost2010Prop57
140
1.0
102
RTVSPost2010PropOp57
 70
     1
  0
XRECORD
  5
19F
102
{ACAD_REACTORS
330
19E
102
}
330
19E
100
AcDbXrecord
280
     1
102
RTVSPost2010Prop28
280
     0
102
RTVSPost2010PropOp28
 70
     1
102
RTVSPost2010Prop29
280
     1
102
RTVSPost2010PropOp29
 70
     1
102
RTVSPost2010Prop30
280
     1
102
RTVSPost2010PropOp30
 70
     1
102
RTVSPost2010Prop31
280
     0
102
RTVSPost2010PropOp31
 70
     1
102
RTVSPost2010Prop32
280
     0
102
RTVSPost2010PropOp32
 70
     1
102
RTVSPost2010Prop33
280
     0
102
RTVSPost2010PropOp33
 70
     1
102
RTVSPost2010Prop34
280
     0
102
RTVSPost2010PropOp34
 70
     1
102
RTVSPost2010Prop35
280
     0
102
RTVSPost2010PropOp35
 70
     1
102
RTVSPost2010Prop36
280
     0
102
RTVSPost2010PropOp36
 70
     1
102
RTVSPost2010Prop37
 90
       50
102
RTVSPost2010PropOp37
 70
     1
102
RTVSPost2010Prop38
140
0.0
102
RTVSPost2010PropOp38
 70
     1
102
RTVSPost2010Prop39
140
1.0
102
RTVSPost2010PropOp39
 70
     1
102
RTVSPost2010Prop40
 90
        0
102
RTVSPost2010PropOp40
 70
     1
102
RTVSPost2010Prop41ColorIndex
 90
       18
102
RTVSPost2010Prop41ColorRGB
 90
        0
102
RTVSPost2010PropOp41
 70
     1
102
RTVSPost2010Prop42
 90
       50
102
RTVSPost2010PropOp42
 70
     1
102
RTVSPost2010Prop43
 90
        3
102
RTVSPost2010PropOp43
 70
     1
102
RTVSPost2010Prop44ColorIndex
 90
        5
102
RTVSPost2010Prop44ColorRGB
 90
      255
102
RTVSPost2010PropOp44
 70
     1
102
RTVSPost2010Prop45
280
     0
102
RTVSPost2010PropOp45
 70
     1
102
RTVSPost2010Prop46
 90
       50
102
RTVSPost2010PropOp46
 70
     1
102
RTVSPost2010Prop47
 90
       50
102
RTVSPost2010PropOp47
 70
     1
102
RTVSPost2010Prop48
 90
       50
102
RTVSPost2010PropOp48
 70
     1
102
RTVSPost2010Prop49
280
     0
102
RTVSPost2010PropOp49
 70
     1
102
RTVSPost2010Prop50
 90
       50
102
RTVSPost2010PropOp50
 70
     1
102
RTVSPost2010Prop51ColorIndex
 90
      256
102
RTVSPost2010Prop51ColorRGB
 90
-16777216
102
RTVSPost2010PropOp51
 70
     0
102
RTVSPost2010Prop52
140
1.0
102
RTVSPost2010PropOp52
 70
     0
102
RTVSPost2010Prop53
 90
        2
102
RTVSPost2010PropOp53
 70
     1
102
RTVSPost2010Prop54
  1
strokes_ogs.tif
102
RTVSPost2010PropOp54
 70
     1
102
RTVSPost2010Prop55
280
     0
102
RTVSPost2010PropOp55
 70
     1
102
RTVSPost2010Prop56
140
1.0
102
RTVSPost2010PropOp56
 70
     1
102
RTVSPost2010Prop57
140
1.0
102
RTVSPost2010PropOp57
 70
     1
  0
XRECORD
  5
1A1
102
{ACAD_REACTORS
330
1A0
102
}
330
1A0
100
AcDbXrecord
280
     1
102
RTVSPost2010Prop28
280
     0
102
RTVSPost2010PropOp28
 70
     1
102
RTVSPost2010Prop29
280
     1
102
RTVSPost2010PropOp29
 70
     1
102
RTVSPost2010Prop30
280
     1
102
RTVSPost2010PropOp30
 70
     1
102
RTVSPost2010Prop31
280
     0
102
RTVSPost2010PropOp31
 70
     1
102
RTVSPost2010Prop32
280
     0
102
RTVSPost2010PropOp32
 70
     1
102
RTVSPost2010Prop33
280
     0
102
RTVSPost2010PropOp33
 70
     1
102
RTVSPost2010Prop34
280
     0
102
RTVSPost2010PropOp34
 70
     1
102
RTVSPost2010Prop35
280
     0
102
RTVSPost2010PropOp35
 70
     1
102
RTVSPost2010Prop36
280
     0
102
RTVSPost2010PropOp36
 70
     1
102
RTVSPost2010Prop37
 90
       50
102
RTVSPost2010PropOp37
 70
     1
102
RTVSPost2010Prop38
140
0.0
102
RTVSPost2010PropOp38
 70
     1
102
RTVSPost2010Prop39
140
1.0
102
RTVSPost2010PropOp39
 70
     1
102
RTVSPost2010Prop40
 90
        0
102
RTVSPost2010PropOp40
 70
     1
102
RTVSPost2010Prop41ColorIndex
 90
       18
102
RTVSPost2010Prop41ColorRGB
 90
        0
102
RTVSPost2010PropOp41
 70
     1
102
RTVSPost2010Prop42
 90
       50
102
RTVSPost2010PropOp42
 70
     1
102
RTVSPost2010Prop43
 90
        3
102
RTVSPost2010PropOp43
 70
     1
102
RTVSPost2010Prop44ColorIndex
 90
        5
102
RTVSPost2010Prop44ColorRGB
 90
      255
102
RTVSPost2010PropOp44
 70
     1
102
RTVSPost2010Prop45
280
     0
102
RTVSPost2010PropOp45
 70
     1
102
RTVSPost2010Prop46
 90
       50
102
RTVSPost2010PropOp46
 70
     1
102
RTVSPost2010Prop47
 90
       50
102
RTVSPost2010PropOp47
 70
     1
102
RTVSPost2010Prop48
 90
       50
102
RTVSPost2010PropOp48
 70
     1
102
RTVSPost2010Prop49
280
     0
102
RTVSPost2010PropOp49
 70
     1
102
RTVSPost2010Prop50
 90
       50
102
RTVSPost2010PropOp50
 70
     1
102
RTVSPost2010Prop51ColorIndex
 90
      256
102
RTVSPost2010Prop51ColorRGB
 90
-16777216
102
RTVSPost2010PropOp51
 70
     0
102
RTVSPost2010Prop52
140
1.0
102
RTVSPost2010PropOp52
 70
     0
102
RTVSPost2010Prop53
 90
        2
102
RTVSPost2010PropOp53
 70
     1
102
RTVSPost2010Prop54
  1
strokes_ogs.tif
102
RTVSPost2010PropOp54
 70
     1
102
RTVSPost2010Prop55
280
     0
102
RTVSPost2010PropOp55
 70
     1
102
RTVSPost2010Prop56
140
1.0
102
RTVSPost2010PropOp56
 70
     1
102
RTVSPost2010Prop57
140
1.0
102
RTVSPost2010PropOp57
 70
     1
  0
XRECORD
  5
1A3
102
{ACAD_REACTORS
330
1A2
102
}
330
1A2
100
AcDbXrecord
280
     1
102
RTVSPost2010Prop28
280
     0
102
RTVSPost2010PropOp28
 70
     1
102
RTVSPost2010Prop29
280
     1
102
RTVSPost2010PropOp29
 70
     1
102
RTVSPost2010Prop30
280
     1
102
RTVSPost2010PropOp30
 70
     1
102
RTVSPost2010Prop31
280
     0
102
RTVSPost2010PropOp31
 70
     1
102
RTVSPost2010Prop32
280
     0
102
RTVSPost2010PropOp32
 70
     1
102
RTVSPost2010Prop33
280
     0
102
RTVSPost2010PropOp33
 70
     1
102
RTVSPost2010Prop34
280
     0
102
RTVSPost2010PropOp34
 70
     1
102
RTVSPost2010Prop35
280
     0
102
RTVSPost2010PropOp35
 70
     1
102
RTVSPost2010Prop36
280
     0
102
RTVSPost2010PropOp36
 70
     1
102
RTVSPost2010Prop37
 90
       50
102
RTVSPost2010PropOp37
 70
     1
102
RTVSPost2010Prop38
140
0.0
102
RTVSPost2010PropOp38
 70
     1
102
RTVSPost2010Prop39
140
1.0
102
RTVSPost2010PropOp39
 70
     1
102
RTVSPost2010Prop40
 90
        0
102
RTVSPost2010PropOp40
 70
     1
102
RTVSPost2010Prop41ColorIndex
 90
       18
102
RTVSPost2010Prop41ColorRGB
 90
        0
102
RTVSPost2010PropOp41
 70
     1
102
RTVSPost2010Prop42
 90
       50
102
RTVSPost2010PropOp42
 70
     1
102
RTVSPost2010Prop43
 90
        3
102
RTVSPost2010PropOp43
 70
     1
102
RTVSPost2010Prop44ColorIndex
 90
        5
102
RTVSPost2010Prop44ColorRGB
 90
      255
102
RTVSPost2010PropOp44
 70
     1
102
RTVSPost2010Prop45
280
     0
102
RTVSPost2010PropOp45
 70
     1
102
RTVSPost2010Prop46
 90
       50
102
RTVSPost2010PropOp46
 70
     1
102
RTVSPost2010Prop47
 90
       50
102
RTVSPost2010PropOp47
 70
     1
102
RTVSPost2010Prop48
 90
       50
102
RTVSPost2010PropOp48
 70
     1
102
RTVSPost2010Prop49
280
     0
102
RTVSPost2010PropOp49
 70
     1
102
RTVSPost2010Prop50
 90
       50
102
RTVSPost2010PropOp50
 70
     1
102
RTVSPost2010Prop51ColorIndex
 90
      256
102
RTVSPost2010Prop51ColorRGB
 90
-16777216
102
RTVSPost2010PropOp51
 70
     0
102
RTVSPost2010Prop52
140
1.0
102
RTVSPost2010PropOp52
 70
     0
102
RTVSPost2010Prop53
 90
        2
102
RTVSPost2010PropOp53
 70
     1
102
RTVSPost2010Prop54
  1
strokes_ogs.tif
102
RTVSPost2010PropOp54
 70
     1
102
RTVSPost2010Prop55
280
     0
102
RTVSPost2010PropOp55
 70
     1
102
RTVSPost2010Prop56
140
1.0
102
RTVSPost2010PropOp56
 70
     1
102
RTVSPost2010Prop57
140
1.0
102
RTVSPost2010PropOp57
 70
     1
  0
XRECORD
  5
1A9
102
{ACAD_REACTORS
330
1A8
102
}
330
1A8
100
AcDbXrecord
280
     1
102
RTVSPost2010Prop28
280
     0
102
RTVSPost2010PropOp28
 70
     1
102
RTVSPost2010Prop29
280
     1
102
RTVSPost2010PropOp29
 70
     1
102
RTVSPost2010Prop30
280
     1
102
RTVSPost2010PropOp30
 70
     1
102
RTVSPost2010Prop31
280
     0
102
RTVSPost2010PropOp31
 70
     1
102
RTVSPost2010Prop32
280
     0
102
RTVSPost2010PropOp32
 70
     1
102
RTVSPost2010Prop33
280
     0
102
RTVSPost2010PropOp33
 70
     1
102
RTVSPost2010Prop34
280
     0
102
RTVSPost2010PropOp34
 70
     1
102
RTVSPost2010Prop35
280
     0
102
RTVSPost2010PropOp35
 70
     1
102
RTVSPost2010Prop36
280
     0
102
RTVSPost2010PropOp36
 70
     1
102
RTVSPost2010Prop37
 90
       50
102
RTVSPost2010PropOp37
 70
     1
102
RTVSPost2010Prop38
140
0.0
102
RTVSPost2010PropOp38
 70
     1
102
RTVSPost2010Prop39
140
1.0
102
RTVSPost2010PropOp39
 70
     1
102
RTVSPost2010Prop40
 90
        0
102
RTVSPost2010PropOp40
 70
     1
102
RTVSPost2010Prop41ColorIndex
 90
       18
102
RTVSPost2010Prop41ColorRGB
 90
        0
102
RTVSPost2010PropOp41
 70
     1
102
RTVSPost2010Prop42
 90
       50
102
RTVSPost2010PropOp42
 70
     1
102
RTVSPost2010Prop43
 90
        3
102
RTVSPost2010PropOp43
 70
     1
102
RTVSPost2010Prop44ColorIndex
 90
        5
102
RTVSPost2010Prop44ColorRGB
 90
      255
102
RTVSPost2010PropOp44
 70
     1
102
RTVSPost2010Prop45
280
     0
102
RTVSPost2010PropOp45
 70
     1
102
RTVSPost2010Prop46
 90
       50
102
RTVSPost2010PropOp46
 70
     1
102
RTVSPost2010Prop47
 90
       50
102
RTVSPost2010PropOp47
 70
     1
102
RTVSPost2010Prop48
 90
       50
102
RTVSPost2010PropOp48
 70
     1
102
RTVSPost2010Prop49
280
     0
102
RTVSPost2010PropOp49
 70
     1
102
RTVSPost2010Prop50
 90
       50
102
RTVSPost2010PropOp50
 70
     1
102
RTVSPost2010Prop51ColorIndex
 90
      256
102
RTVSPost2010Prop51ColorRGB
 90
-16777216
102
RTVSPost2010PropOp51
 70
     0
102
RTVSPost2010Prop52
140
1.0
102
RTVSPost2010PropOp52
 70
     0
102
RTVSPost2010Prop53
 90
        2
102
RTVSPost2010PropOp53
 70
     1
102
RTVSPost2010Prop54
  1
strokes_ogs.tif
102
RTVSPost2010PropOp54
 70
     1
102
RTVSPost2010Prop55
280
     0
102
RTVSPost2010PropOp55
 70
     1
102
RTVSPost2010Prop56
140
1.0
102
RTVSPost2010PropOp56
 70
     1
102
RTVSPost2010Prop57
140
1.0
102
RTVSPost2010PropOp57
 70
     1
  0
XRECORD
  5
1BD
102
{ACAD_REACTORS
330
1BC
102
}
330
1BC
100
AcDbXrecord
280
     1
102
RTVSPost2010Prop28
280
     0
102
RTVSPost2010PropOp28
 70
     0
102
RTVSPost2010Prop29
280
     1
102
RTVSPost2010PropOp29
 70
     0
102
RTVSPost2010Prop30
280
     1
102
RTVSPost2010PropOp30
 70
     0
102
RTVSPost2010Prop31
280
     0
102
RTVSPost2010PropOp31
 70
     0
102
RTVSPost2010Prop32
280
     0
102
RTVSPost2010PropOp32
 70
     0
102
RTVSPost2010Prop33
280
     0
102
RTVSPost2010PropOp33
 70
     0
102
RTVSPost2010Prop34
280
     0
102
RTVSPost2010PropOp34
 70
     0
102
RTVSPost2010Prop35
280
     0
102
RTVSPost2010PropOp35
 70
     0
102
RTVSPost2010Prop36
280
     0
102
RTVSPost2010PropOp36
 70
     0
102
RTVSPost2010Prop37
 90
       50
102
RTVSPost2010PropOp37
 70
     0
102
RTVSPost2010Prop38
140
0.0
102
RTVSPost2010PropOp38
 70
     0
102
RTVSPost2010Prop39
140
1.0
102
RTVSPost2010PropOp39
 70
     0
102
RTVSPost2010Prop40
 90
        0
102
RTVSPost2010PropOp40
 70
     0
102
RTVSPost2010Prop41ColorIndex
 90
       18
102
RTVSPost2010Prop41ColorRGB
 90
        0
102
RTVSPost2010PropOp41
 70
     0
102
RTVSPost2010Prop42
 90
       50
102
RTVSPost2010PropOp42
 70
     0
102
RTVSPost2010Prop43
 90
        3
102
RTVSPost2010PropOp43
 70
     0
102
RTVSPost2010Prop44ColorIndex
 90
        5
102
RTVSPost2010Prop44ColorRGB
 90
      255
102
RTVSPost2010PropOp44
 70
     0
102
RTVSPost2010Prop45
280
     0
102
RTVSPost2010PropOp45
 70
     0
102
RTVSPost2010Prop46
 90
       50
102
RTVSPost2010PropOp46
 70
     0
102
RTVSPost2010Prop47
 90
       50
102
RTVSPost2010PropOp47
 70
     0
102
RTVSPost2010Prop48
 90
       50
102
RTVSPost2010PropOp48
 70
     0
102
RTVSPost2010Prop49
280
     0
102
RTVSPost2010PropOp49
 70
     0
102
RTVSPost2010Prop50
 90
       50
102
RTVSPost2010PropOp50
 70
     0
102
RTVSPost2010Prop51ColorIndex
 90
      256
102
RTVSPost2010Prop51ColorRGB
 90
-16777216
102
RTVSPost2010PropOp51
 70
     0
102
RTVSPost2010Prop52
140
1.0
102
RTVSPost2010PropOp52
 70
     0
102
RTVSPost2010Prop53
 90
        2
102
RTVSPost2010PropOp53
 70
     0
102
RTVSPost2010Prop54
  1
strokes_ogs.tif
102
RTVSPost2010PropOp54
 70
     0
102
RTVSPost2010Prop55
280
     0
102
RTVSPost2010PropOp55
 70
     0
102
RTVSPost2010Prop56
140
1.0
102
RTVSPost2010PropOp56
 70
     0
102
RTVSPost2010Prop57
140
1.0
102
RTVSPost2010PropOp57
 70
     0
  0
XRECORD
  5
1B7
102
{ACAD_REACTORS
330
1B6
102
}
330
1B6
100
AcDbXrecord
280
     1
102
RTVSPost2010Prop28
280
     0
102
RTVSPost2010PropOp28
 70
     1
102
RTVSPost2010Prop29
280
     1
102
RTVSPost2010PropOp29
 70
     1
102
RTVSPost2010Prop30
280
     1
102
RTVSPost2010PropOp30
 70
     1
102
RTVSPost2010Prop31
280
     0
102
RTVSPost2010PropOp31
 70
     1
102
RTVSPost2010Prop32
280
     0
102
RTVSPost2010PropOp32
 70
     1
102
RTVSPost2010Prop33
280
     0
102
RTVSPost2010PropOp33
 70
     1
102
RTVSPost2010Prop34
280
     0
102
RTVSPost2010PropOp34
 70
     1
102
RTVSPost2010Prop35
280
     0
102
RTVSPost2010PropOp35
 70
     1
102
RTVSPost2010Prop36
280
     0
102
RTVSPost2010PropOp36
 70
     1
102
RTVSPost2010Prop37
 90
       50
102
RTVSPost2010PropOp37
 70
     1
102
RTVSPost2010Prop38
140
0.0
102
RTVSPost2010PropOp38
 70
     1
102
RTVSPost2010Prop39
140
1.0
102
RTVSPost2010PropOp39
 70
     1
102
RTVSPost2010Prop40
 90
        0
102
RTVSPost2010PropOp40
 70
     1
102
RTVSPost2010Prop41ColorIndex
 90
       18
102
RTVSPost2010Prop41ColorRGB
 90
        0
102
RTVSPost2010PropOp41
 70
     1
102
RTVSPost2010Prop42
 90
       50
102
RTVSPost2010PropOp42
 70
     1
102
RTVSPost2010Prop43
 90
        3
102
RTVSPost2010PropOp43
 70
     1
102
RTVSPost2010Prop44ColorIndex
 90
        5
102
RTVSPost2010Prop44ColorRGB
 90
      255
102
RTVSPost2010PropOp44
 70
     1
102
RTVSPost2010Prop45
280
     0
102
RTVSPost2010PropOp45
 70
     1
102
RTVSPost2010Prop46
 90
       50
102
RTVSPost2010PropOp46
 70
     1
102
RTVSPost2010Prop47
 90
       50
102
RTVSPost2010PropOp47
 70
     1
102
RTVSPost2010Prop48
 90
       50
102
RTVSPost2010PropOp48
 70
     1
102
RTVSPost2010Prop49
280
     0
102
RTVSPost2010PropOp49
 70
     1
102
RTVSPost2010Prop50
 90
       50
102
RTVSPost2010PropOp50
 70
     1
102
RTVSPost2010Prop51ColorIndex
 90
      256
102
RTVSPost2010Prop51ColorRGB
 90
-16777216
102
RTVSPost2010PropOp51
 70
     0
102
RTVSPost2010Prop52
140
1.0
102
RTVSPost2010PropOp52
 70
     0
102
RTVSPost2010Prop53
 90
        2
102
RTVSPost2010PropOp53
 70
     1
102
RTVSPost2010Prop54
  1
strokes_ogs.tif
102
RTVSPost2010PropOp54
 70
     1
102
RTVSPost2010Prop55
280
     0
102
RTVSPost2010PropOp55
 70
     1
102
RTVSPost2010Prop56
140
1.0
102
RTVSPost2010PropOp56
 70
     1
102
RTVSPost2010Prop57
140
1.0
102
RTVSPost2010PropOp57
 70
     1
  0
XRECORD
  5
1BF
102
{ACAD_REACTORS
330
1BE
102
}
330
1BE
100
AcDbXrecord
280
     1
102
RTVSPost2010Prop28
280
     0
102
RTVSPost2010PropOp28
 70
     0
102
RTVSPost2010Prop29
280
     1
102
RTVSPost2010PropOp29
 70
     0
102
RTVSPost2010Prop30
280
     1
102
RTVSPost2010PropOp30
 70
     0
102
RTVSPost2010Prop31
280
     0
102
RTVSPost2010PropOp31
 70
     0
102
RTVSPost2010Prop32
280
     0
102
RTVSPost2010PropOp32
 70
     0
102
RTVSPost2010Prop33
280
     0
102
RTVSPost2010PropOp33
 70
     0
102
RTVSPost2010Prop34
280
     0
102
RTVSPost2010PropOp34
 70
     0
102
RTVSPost2010Prop35
280
     0
102
RTVSPost2010PropOp35
 70
     0
102
RTVSPost2010Prop36
280
     0
102
RTVSPost2010PropOp36
 70
     0
102
RTVSPost2010Prop37
 90
       50
102
RTVSPost2010PropOp37
 70
     0
102
RTVSPost2010Prop38
140
0.0
102
RTVSPost2010PropOp38
 70
     0
102
RTVSPost2010Prop39
140
1.0
102
RTVSPost2010PropOp39
 70
     0
102
RTVSPost2010Prop40
 90
        0
102
RTVSPost2010PropOp40
 70
     0
102
RTVSPost2010Prop41ColorIndex
 90
       18
102
RTVSPost2010Prop41ColorRGB
 90
        0
102
RTVSPost2010PropOp41
 70
     0
102
RTVSPost2010Prop42
 90
       50
102
RTVSPost2010PropOp42
 70
     0
102
RTVSPost2010Prop43
 90
        3
102
RTVSPost2010PropOp43
 70
     0
102
RTVSPost2010Prop44ColorIndex
 90
        5
102
RTVSPost2010Prop44ColorRGB
 90
      255
102
RTVSPost2010PropOp44
 70
     0
102
RTVSPost2010Prop45
280
     0
102
RTVSPost2010PropOp45
 70
     0
102
RTVSPost2010Prop46
 90
       50
102
RTVSPost2010PropOp46
 70
     0
102
RTVSPost2010Prop47
 90
       50
102
RTVSPost2010PropOp47
 70
     0
102
RTVSPost2010Prop48
 90
       50
102
RTVSPost2010PropOp48
 70
     0
102
RTVSPost2010Prop49
280
     0
102
RTVSPost2010PropOp49
 70
     0
102
RTVSPost2010Prop50
 90
       50
102
RTVSPost2010PropOp50
 70
     0
102
RTVSPost2010Prop51ColorIndex
 90
      256
102
RTVSPost2010Prop51ColorRGB
 90
-16777216
102
RTVSPost2010PropOp51
 70
     0
102
RTVSPost2010Prop52
140
1.0
102
RTVSPost2010PropOp52
 70
     0
102
RTVSPost2010Prop53
 90
        2
102
RTVSPost2010PropOp53
 70
     0
102
RTVSPost2010Prop54
  1
strokes_ogs.tif
102
RTVSPost2010PropOp54
 70
     0
102
RTVSPost2010Prop55
280
     0
102
RTVSPost2010PropOp55
 70
     0
102
RTVSPost2010Prop56
140
1.0
102
RTVSPost2010PropOp56
 70
     0
102
RTVSPost2010Prop57
140
1.0
102
RTVSPost2010PropOp57
 70
     0
  0
XRECORD
  5
1AD
102
{ACAD_REACTORS
330
1AC
102
}
330
1AC
100
AcDbXrecord
280
     1
102
RTVSPost2010Prop28
280
     0
102
RTVSPost2010PropOp28
 70
     1
102
RTVSPost2010Prop29
280
     1
102
RTVSPost2010PropOp29
 70
     1
102
RTVSPost2010Prop30
280
     1
102
RTVSPost2010PropOp30
 70
     1
102
RTVSPost2010Prop31
280
     0
102
RTVSPost2010PropOp31
 70
     1
102
RTVSPost2010Prop32
280
     0
102
RTVSPost2010PropOp32
 70
     1
102
RTVSPost2010Prop33
280
     0
102
RTVSPost2010PropOp33
 70
     1
102
RTVSPost2010Prop34
280
     0
102
RTVSPost2010PropOp34
 70
     1
102
RTVSPost2010Prop35
280
     0
102
RTVSPost2010PropOp35
 70
     1
102
RTVSPost2010Prop36
280
     0
102
RTVSPost2010PropOp36
 70
     1
102
RTVSPost2010Prop37
 90
       50
102
RTVSPost2010PropOp37
 70
     1
102
RTVSPost2010Prop38
140
0.0
102
RTVSPost2010PropOp38
 70
     1
102
RTVSPost2010Prop39
140
1.0
102
RTVSPost2010PropOp39
 70
     1
102
RTVSPost2010Prop40
 90
        0
102
RTVSPost2010PropOp40
 70
     1
102
RTVSPost2010Prop41ColorIndex
 90
       18
102
RTVSPost2010Prop41ColorRGB
 90
        0
102
RTVSPost2010PropOp41
 70
     1
102
RTVSPost2010Prop42
 90
       50
102
RTVSPost2010PropOp42
 70
     1
102
RTVSPost2010Prop43
 90
        3
102
RTVSPost2010PropOp43
 70
     1
102
RTVSPost2010Prop44ColorIndex
 90
        5
102
RTVSPost2010Prop44ColorRGB
 90
      255
102
RTVSPost2010PropOp44
 70
     1
102
RTVSPost2010Prop45
280
     0
102
RTVSPost2010PropOp45
 70
     1
102
RTVSPost2010Prop46
 90
       50
102
RTVSPost2010PropOp46
 70
     1
102
RTVSPost2010Prop47
 90
       50
102
RTVSPost2010PropOp47
 70
     1
102
RTVSPost2010Prop48
 90
       50
102
RTVSPost2010PropOp48
 70
     1
102
RTVSPost2010Prop49
280
     0
102
RTVSPost2010PropOp49
 70
     1
102
RTVSPost2010Prop50
 90
       50
102
RTVSPost2010PropOp50
 70
     1
102
RTVSPost2010Prop51ColorIndex
 90
      256
102
RTVSPost2010Prop51ColorRGB
 90
-16777216
102
RTVSPost2010PropOp51
 70
     0
102
RTVSPost2010Prop52
140
1.0
102
RTVSPost2010PropOp52
 70
     0
102
RTVSPost2010Prop53
 90
        2
102
RTVSPost2010PropOp53
 70
     1
102
RTVSPost2010Prop54
  1
strokes_ogs.tif
102
RTVSPost2010PropOp54
 70
     1
102
RTVSPost2010Prop55
280
     0
102
RTVSPost2010PropOp55
 70
     1
102
RTVSPost2010Prop56
140
1.0
102
RTVSPost2010PropOp56
 70
     1
102
RTVSPost2010Prop57
140
1.0
102
RTVSPost2010PropOp57
 70
     1
  0
XRECORD
  5
1CB
102
{ACAD_REACTORS
330
1CA
102
}
330
1CA
100
AcDbXrecord
280
     1
102
RTVSPost2010Prop28
280
     0
102
RTVSPost2010PropOp28
 70
     1
102
RTVSPost2010Prop29
280
     1
102
RTVSPost2010PropOp29
 70
     1
102
RTVSPost2010Prop30
280
     1
102
RTVSPost2010PropOp30
 70
     1
102
RTVSPost2010Prop31
280
     0
102
RTVSPost2010PropOp31
 70
     1
102
RTVSPost2010Prop32
280
     0
102
RTVSPost2010PropOp32
 70
     1
102
RTVSPost2010Prop33
280
     0
102
RTVSPost2010PropOp33
 70
     1
102
RTVSPost2010Prop34
280
     0
102
RTVSPost2010PropOp34
 70
     1
102
RTVSPost2010Prop35
280
     0
102
RTVSPost2010PropOp35
 70
     1
102
RTVSPost2010Prop36
280
     0
102
RTVSPost2010PropOp36
 70
     1
102
RTVSPost2010Prop37
 90
       50
102
RTVSPost2010PropOp37
 70
     1
102
RTVSPost2010Prop38
140
0.0
102
RTVSPost2010PropOp38
 70
     1
102
RTVSPost2010Prop39
140
1.0
102
RTVSPost2010PropOp39
 70
     1
102
RTVSPost2010Prop40
 90
        0
102
RTVSPost2010PropOp40
 70
     1
102
RTVSPost2010Prop41ColorIndex
 90
       18
102
RTVSPost2010Prop41ColorRGB
 90
        0
102
RTVSPost2010PropOp41
 70
     1
102
RTVSPost2010Prop42
 90
       50
102
RTVSPost2010PropOp42
 70
     1
102
RTVSPost2010Prop43
 90
        3
102
RTVSPost2010PropOp43
 70
     1
102
RTVSPost2010Prop44ColorIndex
 90
        5
102
RTVSPost2010Prop44ColorRGB
 90
      255
102
RTVSPost2010PropOp44
 70
     1
102
RTVSPost2010Prop45
280
     0
102
RTVSPost2010PropOp45
 70
     1
102
RTVSPost2010Prop46
 90
       50
102
RTVSPost2010PropOp46
 70
     1
102
RTVSPost2010Prop47
 90
       50
102
RTVSPost2010PropOp47
 70
     1
102
RTVSPost2010Prop48
 90
       50
102
RTVSPost2010PropOp48
 70
     1
102
RTVSPost2010Prop49
280
     0
102
RTVSPost2010PropOp49
 70
     1
102
RTVSPost2010Prop50
 90
       50
102
RTVSPost2010PropOp50
 70
     1
102
RTVSPost2010Prop51ColorIndex
 90
      256
102
RTVSPost2010Prop51ColorRGB
 90
-16777216
102
RTVSPost2010PropOp51
 70
     0
102
RTVSPost2010Prop52
140
1.0
102
RTVSPost2010PropOp52
 70
     0
102
RTVSPost2010Prop53
 90
        2
102
RTVSPost2010PropOp53
 70
     1
102
RTVSPost2010Prop54
  1
strokes_ogs.tif
102
RTVSPost2010PropOp54
 70
     1
102
RTVSPost2010Prop55
280
     0
102
RTVSPost2010PropOp55
 70
     1
102
RTVSPost2010Prop56
140
1.0
102
RTVSPost2010PropOp56
 70
     1
102
RTVSPost2010Prop57
140
1.0
102
RTVSPost2010PropOp57
 70
     1
  0
XRECORD
  5
1C9
102
{ACAD_REACTORS
330
1C8
102
}
330
1C8
100
AcDbXrecord
280
     1
102
RTVSPost2010Prop28
280
     0
102
RTVSPost2010PropOp28
 70
     1
102
RTVSPost2010Prop29
280
     1
102
RTVSPost2010PropOp29
 70
     1
102
RTVSPost2010Prop30
280
     1
102
RTVSPost2010PropOp30
 70
     1
102
RTVSPost2010Prop31
280
     0
102
RTVSPost2010PropOp31
 70
     1
102
RTVSPost2010Prop32
280
     0
102
RTVSPost2010PropOp32
 70
     1
102
RTVSPost2010Prop33
280
     0
102
RTVSPost2010PropOp33
 70
     1
102
RTVSPost2010Prop34
280
     0
102
RTVSPost2010PropOp34
 70
     1
102
RTVSPost2010Prop35
280
     0
102
RTVSPost2010PropOp35
 70
     1
102
RTVSPost2010Prop36
280
     0
102
RTVSPost2010PropOp36
 70
     1
102
RTVSPost2010Prop37
 90
       50
102
RTVSPost2010PropOp37
 70
     1
102
RTVSPost2010Prop38
140
0.0
102
RTVSPost2010PropOp38
 70
     1
102
RTVSPost2010Prop39
140
1.0
102
RTVSPost2010PropOp39
 70
     1
102
RTVSPost2010Prop40
 90
        0
102
RTVSPost2010PropOp40
 70
     1
102
RTVSPost2010Prop41ColorIndex
 90
       18
102
RTVSPost2010Prop41ColorRGB
 90
        0
102
RTVSPost2010PropOp41
 70
     1
102
RTVSPost2010Prop42
 90
       50
102
RTVSPost2010PropOp42
 70
     1
102
RTVSPost2010Prop43
 90
        3
102
RTVSPost2010PropOp43
 70
     1
102
RTVSPost2010Prop44ColorIndex
 90
        5
102
RTVSPost2010Prop44ColorRGB
 90
      255
102
RTVSPost2010PropOp44
 70
     1
102
RTVSPost2010Prop45
280
     0
102
RTVSPost2010PropOp45
 70
     1
102
RTVSPost2010Prop46
 90
       50
102
RTVSPost2010PropOp46
 70
     1
102
RTVSPost2010Prop47
 90
       50
102
RTVSPost2010PropOp47
 70
     1
102
RTVSPost2010Prop48
 90
       50
102
RTVSPost2010PropOp48
 70
     1
102
RTVSPost2010Prop49
280
     0
102
RTVSPost2010PropOp49
 70
     1
102
RTVSPost2010Prop50
 90
       50
102
RTVSPost2010PropOp50
 70
     1
102
RTVSPost2010Prop51ColorIndex
 90
      256
102
RTVSPost2010Prop51ColorRGB
 90
-16777216
102
RTVSPost2010PropOp51
 70
     0
102
RTVSPost2010Prop52
140
1.0
102
RTVSPost2010PropOp52
 70
     0
102
RTVSPost2010Prop53
 90
        2
102
RTVSPost2010PropOp53
 70
     1
102
RTVSPost2010Prop54
  1
strokes_ogs.tif
102
RTVSPost2010PropOp54
 70
     1
102
RTVSPost2010Prop55
280
     0
102
RTVSPost2010PropOp55
 70
     1
102
RTVSPost2010Prop56
140
1.0
102
RTVSPost2010PropOp56
 70
     1
102
RTVSPost2010Prop57
140
1.0
102
RTVSPost2010PropOp57
 70
     1
  0
XRECORD
  5
1C3
102
{ACAD_REACTORS
330
1C2
102
}
330
1C2
100
AcDbXrecord
280
     1
102
RTVSPost2010Prop28
280
     0
102
RTVSPost2010PropOp28
 70
     1
102
RTVSPost2010Prop29
280
     1
102
RTVSPost2010PropOp29
 70
     1
102
RTVSPost2010Prop30
280
     1
102
RTVSPost2010PropOp30
 70
     1
102
RTVSPost2010Prop31
280
     0
102
RTVSPost2010PropOp31
 70
     1
102
RTVSPost2010Prop32
280
     0
102
RTVSPost2010PropOp32
 70
     1
102
RTVSPost2010Prop33
280
     0
102
RTVSPost2010PropOp33
 70
     1
102
RTVSPost2010Prop34
280
     0
102
RTVSPost2010PropOp34
 70
     1
102
RTVSPost2010Prop35
280
     0
102
RTVSPost2010PropOp35
 70
     1
102
RTVSPost2010Prop36
280
     0
102
RTVSPost2010PropOp36
 70
     1
102
RTVSPost2010Prop37
 90
       50
102
RTVSPost2010PropOp37
 70
     1
102
RTVSPost2010Prop38
140
0.0
102
RTVSPost2010PropOp38
 70
     1
102
RTVSPost2010Prop39
140
1.0
102
RTVSPost2010PropOp39
 70
     1
102
RTVSPost2010Prop40
 90
        0
102
RTVSPost2010PropOp40
 70
     1
102
RTVSPost2010Prop41ColorIndex
 90
       18
102
RTVSPost2010Prop41ColorRGB
 90
        0
102
RTVSPost2010PropOp41
 70
     1
102
RTVSPost2010Prop42
 90
       50
102
RTVSPost2010PropOp42
 70
     1
102
RTVSPost2010Prop43
 90
        3
102
RTVSPost2010PropOp43
 70
     1
102
RTVSPost2010Prop44ColorIndex
 90
        5
102
RTVSPost2010Prop44ColorRGB
 90
      255
102
RTVSPost2010PropOp44
 70
     1
102
RTVSPost2010Prop45
280
     0
102
RTVSPost2010PropOp45
 70
     1
102
RTVSPost2010Prop46
 90
       50
102
RTVSPost2010PropOp46
 70
     1
102
RTVSPost2010Prop47
 90
       50
102
RTVSPost2010PropOp47
 70
     1
102
RTVSPost2010Prop48
 90
       50
102
RTVSPost2010PropOp48
 70
     1
102
RTVSPost2010Prop49
280
     0
102
RTVSPost2010PropOp49
 70
     1
102
RTVSPost2010Prop50
 90
       50
102
RTVSPost2010PropOp50
 70
     1
102
RTVSPost2010Prop51ColorIndex
 90
      256
102
RTVSPost2010Prop51ColorRGB
 90
-16777216
102
RTVSPost2010PropOp51
 70
     0
102
RTVSPost2010Prop52
140
1.0
102
RTVSPost2010PropOp52
 70
     0
102
RTVSPost2010Prop53
 90
        2
102
RTVSPost2010PropOp53
 70
     1
102
RTVSPost2010Prop54
  1
strokes_ogs.tif
102
RTVSPost2010PropOp54
 70
     1
102
RTVSPost2010Prop55
280
     0
102
RTVSPost2010PropOp55
 70
     1
102
RTVSPost2010Prop56
140
1.0
102
RTVSPost2010PropOp56
 70
     1
102
RTVSPost2010Prop57
140
1.0
102
RTVSPost2010PropOp57
 70
     1
  0
XRECORD
  5
1C5
102
{ACAD_REACTORS
330
1C4
102
}
330
1C4
100
AcDbXrecord
280
     1
102
RTVSPost2010Prop28
280
     0
102
RTVSPost2010PropOp28
 70
     1
102
RTVSPost2010Prop29
280
     1
102
RTVSPost2010PropOp29
 70
     1
102
RTVSPost2010Prop30
280
     1
102
RTVSPost2010PropOp30
 70
     1
102
RTVSPost2010Prop31
280
     0
102
RTVSPost2010PropOp31
 70
     1
102
RTVSPost2010Prop32
280
     0
102
RTVSPost2010PropOp32
 70
     1
102
RTVSPost2010Prop33
280
     0
102
RTVSPost2010PropOp33
 70
     1
102
RTVSPost2010Prop34
280
     0
102
RTVSPost2010PropOp34
 70
     1
102
RTVSPost2010Prop35
280
     0
102
RTVSPost2010PropOp35
 70
     1
102
RTVSPost2010Prop36
280
     0
102
RTVSPost2010PropOp36
 70
     1
102
RTVSPost2010Prop37
 90
       50
102
RTVSPost2010PropOp37
 70
     1
102
RTVSPost2010Prop38
140
0.0
102
RTVSPost2010PropOp38
 70
     1
102
RTVSPost2010Prop39
140
1.0
102
RTVSPost2010PropOp39
 70
     1
102
RTVSPost2010Prop40
 90
        0
102
RTVSPost2010PropOp40
 70
     1
102
RTVSPost2010Prop41ColorIndex
 90
       18
102
RTVSPost2010Prop41ColorRGB
 90
        0
102
RTVSPost2010PropOp41
 70
     1
102
RTVSPost2010Prop42
 90
       50
102
RTVSPost2010PropOp42
 70
     1
102
RTVSPost2010Prop43
 90
        3
102
RTVSPost2010PropOp43
 70
     1
102
RTVSPost2010Prop44ColorIndex
 90
        5
102
RTVSPost2010Prop44ColorRGB
 90
      255
102
RTVSPost2010PropOp44
 70
     1
102
RTVSPost2010Prop45
280
     0
102
RTVSPost2010PropOp45
 70
     1
102
RTVSPost2010Prop46
 90
       50
102
RTVSPost2010PropOp46
 70
     1
102
RTVSPost2010Prop47
 90
       50
102
RTVSPost2010PropOp47
 70
     1
102
RTVSPost2010Prop48
 90
       50
102
RTVSPost2010PropOp48
 70
     1
102
RTVSPost2010Prop49
280
     0
102
RTVSPost2010PropOp49
 70
     1
102
RTVSPost2010Prop50
 90
       50
102
RTVSPost2010PropOp50
 70
     1
102
RTVSPost2010Prop51ColorIndex
 90
      256
102
RTVSPost2010Prop51ColorRGB
 90
-16777216
102
RTVSPost2010PropOp51
 70
     0
102
RTVSPost2010Prop52
140
1.0
102
RTVSPost2010PropOp52
 70
     0
102
RTVSPost2010Prop53
 90
        2
102
RTVSPost2010PropOp53
 70
     1
102
RTVSPost2010Prop54
  1
strokes_ogs.tif
102
RTVSPost2010PropOp54
 70
     1
102
RTVSPost2010Prop55
280
     0
102
RTVSPost2010PropOp55
 70
     1
102
RTVSPost2010Prop56
140
1.0
102
RTVSPost2010PropOp56
 70
     1
102
RTVSPost2010Prop57
140
1.0
102
RTVSPost2010PropOp57
 70
     1
  0
XRECORD
  5
1B5
102
{ACAD_REACTORS
330
1B4
102
}
330
1B4
100
AcDbXrecord
280
     1
102
RTVSPost2010Prop28
280
     0
102
RTVSPost2010PropOp28
 70
     1
102
RTVSPost2010Prop29
280
     1
102
RTVSPost2010PropOp29
 70
     1
102
RTVSPost2010Prop30
280
     1
102
RTVSPost2010PropOp30
 70
     1
102
RTVSPost2010Prop31
280
     0
102
RTVSPost2010PropOp31
 70
     1
102
RTVSPost2010Prop32
280
     0
102
RTVSPost2010PropOp32
 70
     1
102
RTVSPost2010Prop33
280
     0
102
RTVSPost2010PropOp33
 70
     1
102
RTVSPost2010Prop34
280
     0
102
RTVSPost2010PropOp34
 70
     1
102
RTVSPost2010Prop35
280
     0
102
RTVSPost2010PropOp35
 70
     1
102
RTVSPost2010Prop36
280
     0
102
RTVSPost2010PropOp36
 70
     1
102
RTVSPost2010Prop37
 90
       50
102
RTVSPost2010PropOp37
 70
     1
102
RTVSPost2010Prop38
140
0.0
102
RTVSPost2010PropOp38
 70
     1
102
RTVSPost2010Prop39
140
1.0
102
RTVSPost2010PropOp39
 70
     1
102
RTVSPost2010Prop40
 90
        0
102
RTVSPost2010PropOp40
 70
     1
102
RTVSPost2010Prop41ColorIndex
 90
       18
102
RTVSPost2010Prop41ColorRGB
 90
        0
102
RTVSPost2010PropOp41
 70
     1
102
RTVSPost2010Prop42
 90
       50
102
RTVSPost2010PropOp42
 70
     1
102
RTVSPost2010Prop43
 90
        3
102
RTVSPost2010PropOp43
 70
     1
102
RTVSPost2010Prop44ColorIndex
 90
        5
102
RTVSPost2010Prop44ColorRGB
 90
      255
102
RTVSPost2010PropOp44
 70
     1
102
RTVSPost2010Prop45
280
     0
102
RTVSPost2010PropOp45
 70
     1
102
RTVSPost2010Prop46
 90
       50
102
RTVSPost2010PropOp46
 70
     1
102
RTVSPost2010Prop47
 90
       50
102
RTVSPost2010PropOp47
 70
     1
102
RTVSPost2010Prop48
 90
       50
102
RTVSPost2010PropOp48
 70
     1
102
RTVSPost2010Prop49
280
     0
102
RTVSPost2010PropOp49
 70
     1
102
RTVSPost2010Prop50
 90
       50
102
RTVSPost2010PropOp50
 70
     1
102
RTVSPost2010Prop51ColorIndex
 90
      256
102
RTVSPost2010Prop51ColorRGB
 90
-16777216
102
RTVSPost2010PropOp51
 70
     0
102
RTVSPost2010Prop52
140
1.0
102
RTVSPost2010PropOp52
 70
     0
102
RTVSPost2010Prop53
 90
        2
102
RTVSPost2010PropOp53
 70
     1
102
RTVSPost2010Prop54
  1
strokes_ogs.tif
102
RTVSPost2010PropOp54
 70
     1
102
RTVSPost2010Prop55
280
     0
102
RTVSPost2010PropOp55
 70
     1
102
RTVSPost2010Prop56
140
1.0
102
RTVSPost2010PropOp56
 70
     1
102
RTVSPost2010Prop57
140
1.0
102
RTVSPost2010PropOp57
 70
     1
  0
XRECORD
  5
1A7
102
{ACAD_REACTORS
330
1A6
102
}
330
1A6
100
AcDbXrecord
280
     1
102
RTVSPost2010Prop28
280
     0
102
RTVSPost2010PropOp28
 70
     1
102
RTVSPost2010Prop29
280
     1
102
RTVSPost2010PropOp29
 70
     1
102
RTVSPost2010Prop30
280
     1
102
RTVSPost2010PropOp30
 70
     1
102
RTVSPost2010Prop31
280
     0
102
RTVSPost2010PropOp31
 70
     1
102
RTVSPost2010Prop32
280
     0
102
RTVSPost2010PropOp32
 70
     1
102
RTVSPost2010Prop33
280
     0
102
RTVSPost2010PropOp33
 70
     1
102
RTVSPost2010Prop34
280
     0
102
RTVSPost2010PropOp34
 70
     1
102
RTVSPost2010Prop35
280
     0
102
RTVSPost2010PropOp35
 70
     1
102
RTVSPost2010Prop36
280
     0
102
RTVSPost2010PropOp36
 70
     1
102
RTVSPost2010Prop37
 90
       50
102
RTVSPost2010PropOp37
 70
     1
102
RTVSPost2010Prop38
140
0.0
102
RTVSPost2010PropOp38
 70
     1
102
RTVSPost2010Prop39
140
1.0
102
RTVSPost2010PropOp39
 70
     1
102
RTVSPost2010Prop40
 90
        0
102
RTVSPost2010PropOp40
 70
     1
102
RTVSPost2010Prop41ColorIndex
 90
       18
102
RTVSPost2010Prop41ColorRGB
 90
        0
102
RTVSPost2010PropOp41
 70
     1
102
RTVSPost2010Prop42
 90
       50
102
RTVSPost2010PropOp42
 70
     1
102
RTVSPost2010Prop43
 90
        3
102
RTVSPost2010PropOp43
 70
     1
102
RTVSPost2010Prop44ColorIndex
 90
        5
102
RTVSPost2010Prop44ColorRGB
 90
      255
102
RTVSPost2010PropOp44
 70
     1
102
RTVSPost2010Prop45
280
     0
102
RTVSPost2010PropOp45
 70
     1
102
RTVSPost2010Prop46
 90
       50
102
RTVSPost2010PropOp46
 70
     1
102
RTVSPost2010Prop47
 90
       50
102
RTVSPost2010PropOp47
 70
     1
102
RTVSPost2010Prop48
 90
       50
102
RTVSPost2010PropOp48
 70
     1
102
RTVSPost2010Prop49
280
     0
102
RTVSPost2010PropOp49
 70
     1
102
RTVSPost2010Prop50
 90
       50
102
RTVSPost2010PropOp50
 70
     1
102
RTVSPost2010Prop51ColorIndex
 90
      256
102
RTVSPost2010Prop51ColorRGB
 90
-16777216
102
RTVSPost2010PropOp51
 70
     0
102
RTVSPost2010Prop52
140
1.0
102
RTVSPost2010PropOp52
 70
     0
102
RTVSPost2010Prop53
 90
        2
102
RTVSPost2010PropOp53
 70
     1
102
RTVSPost2010Prop54
  1
strokes_ogs.tif
102
RTVSPost2010PropOp54
 70
     1
102
RTVSPost2010Prop55
280
     0
102
RTVSPost2010PropOp55
 70
     1
102
RTVSPost2010Prop56
140
1.0
102
RTVSPost2010PropOp56
 70
     1
102
RTVSPost2010Prop57
140
1.0
102
RTVSPost2010PropOp57
 70
     1
  0
XRECORD
  5
1C7
102
{ACAD_REACTORS
330
1C6
102
}
330
1C6
100
AcDbXrecord
280
     1
102
RTVSPost2010Prop28
280
     0
102
RTVSPost2010PropOp28
 70
     1
102
RTVSPost2010Prop29
280
     1
102
RTVSPost2010PropOp29
 70
     1
102
RTVSPost2010Prop30
280
     1
102
RTVSPost2010PropOp30
 70
     1
102
RTVSPost2010Prop31
280
     0
102
RTVSPost2010PropOp31
 70
     1
102
RTVSPost2010Prop32
280
     0
102
RTVSPost2010PropOp32
 70
     1
102
RTVSPost2010Prop33
280
     0
102
RTVSPost2010PropOp33
 70
     1
102
RTVSPost2010Prop34
280
     0
102
RTVSPost2010PropOp34
 70
     1
102
RTVSPost2010Prop35
280
     0
102
RTVSPost2010PropOp35
 70
     1
102
RTVSPost2010Prop36
280
     0
102
RTVSPost2010PropOp36
 70
     1
102
RTVSPost2010Prop37
 90
       50
102
RTVSPost2010PropOp37
 70
     1
102
RTVSPost2010Prop38
140
0.0
102
RTVSPost2010PropOp38
 70
     1
102
RTVSPost2010Prop39
140
1.0
102
RTVSPost2010PropOp39
 70
     1
102
RTVSPost2010Prop40
 90
        0
102
RTVSPost2010PropOp40
 70
     1
102
RTVSPost2010Prop41ColorIndex
 90
       18
102
RTVSPost2010Prop41ColorRGB
 90
        0
102
RTVSPost2010PropOp41
 70
     1
102
RTVSPost2010Prop42
 90
       50
102
RTVSPost2010PropOp42
 70
     1
102
RTVSPost2010Prop43
 90
        3
102
RTVSPost2010PropOp43
 70
     1
102
RTVSPost2010Prop44ColorIndex
 90
        5
102
RTVSPost2010Prop44ColorRGB
 90
      255
102
RTVSPost2010PropOp44
 70
     1
102
RTVSPost2010Prop45
280
     0
102
RTVSPost2010PropOp45
 70
     1
102
RTVSPost2010Prop46
 90
       50
102
RTVSPost2010PropOp46
 70
     1
102
RTVSPost2010Prop47
 90
       50
102
RTVSPost2010PropOp47
 70
     1
102
RTVSPost2010Prop48
 90
       50
102
RTVSPost2010PropOp48
 70
     1
102
RTVSPost2010Prop49
280
     0
102
RTVSPost2010PropOp49
 70
     1
102
RTVSPost2010Prop50
 90
       50
102
RTVSPost2010PropOp50
 70
     1
102
RTVSPost2010Prop51ColorIndex
 90
      256
102
RTVSPost2010Prop51ColorRGB
 90
-16777216
102
RTVSPost2010PropOp51
 70
     0
102
RTVSPost2010Prop52
140
1.0
102
RTVSPost2010PropOp52
 70
     0
102
RTVSPost2010Prop53
 90
        2
102
RTVSPost2010PropOp53
 70
     1
102
RTVSPost2010Prop54
  1
strokes_ogs.tif
102
RTVSPost2010PropOp54
 70
     1
102
RTVSPost2010Prop55
280
     0
102
RTVSPost2010PropOp55
 70
     1
102
RTVSPost2010Prop56
140
1.0
102
RTVSPost2010PropOp56
 70
     1
102
RTVSPost2010Prop57
140
1.0
102
RTVSPost2010PropOp57
 70
     1
  0
ENDSEC
  0
EOF
